test_id,algorithm,expected,actual,verification,ddl_duration,dml_ops,dml_errors,details
MAX_COLS,,,,,,,,"{""instant"": {""success"": true, ""duration"": 0.3785, ""error"": null, ""data_check"": ""(1015,)""}, ""inplace"": {""success"": true, ""duration"": 0.209, ""error"": null, ""data_check"": ""(1015,)""}}"
CONSECUTIVE_INSTANT,,,,,,,,"{""add_10_cols"": {""duration"": 0.615}, ""qps_after_10"": {""qps"": 47.29, ""duration"": 2.1145}, ""insert_qps_after_10"": {""qps"": 4328.44}, ""add_30_cols"": {""duration"": 1.4599}, ""qps_after_30"": {""qps"": 46.76, ""duration"": 2.1385}, ""insert_qps_after_30"": {""qps"": 4635.88}, ""add_50_cols"": {""duration"": 2.4356}, ""qps_after_50"": {""qps"": 47.42, ""duration"": 2.1087}, ""insert_qps_after_50"": {""qps"": 4247.77}}"
DDL_FUZZ,,,,,,,,"{""rounds"": [], ""memory_snapshots"": [{""round"": 0, ""total_innodb_bytes"": 0, ""top_alloc"": []}, {""round"": 50, ""total_innodb_bytes"": 0, ""top_alloc"": []}], ""memory_growth_pct"": 0, ""verdict"": ""NO_LEAK""}"
CHAIN,,,,PASS,,,,"{""SMALLINT"": {""success"": true, ""duration"": 0.0415, ""error"": null, ""new_range_insert"": ""OK""}, ""MEDIUMINT"": {""success"": true, ""duration"": 0.0411, ""error"": null, ""new_range_insert"": ""OK""}, ""INT"": {""success"": true, ""duration"": 0.042, ""error"": null, ""new_range_insert"": ""OK""}, ""BIGINT"": {""success"": true, ""duration"": 0.0374, ""error"": null, ""new_range_insert"": ""OK""}, ""verification"": ""PASS"", ""u_SMALLINT UNSIGNED"": {""success"": true, ""error"": null}, ""u_MEDIUMINT UNSIGNED"": {""success"": true, ""error"": null},"
MULTI_COL,,,,,,,,"{""inplace"": {""success"": false, ""duration"": 0.0385, ""error"": ""(1846, 'ALGORITHM=INPLACE is not supported. Reason: Cannot change column type INPLACE. Try ALGORITHM=COPY.')""}, ""instant"": {""success"": true, ""duration"": 0.0416, ""error"": null}}"
SAME_KEY,,,True,PASS,0.0548,,,"{""ddl"": {""success"": true, ""duration"": 0.0548, ""error"": null}, ""verification"": ""PASS"", ""unique_check"": ""PASS""}"
UNIQUE_CONFLICT,,,True,PASS,0.0564,,,"{""ddl"": {""success"": true, ""duration"": 0.0564, ""error"": null}, ""verification"": ""PASS"", ""unique_check"": ""PASS""}"
VIRTUAL_COL,,,,,,,,"{""inplace_shared"": {""success"": true, ""duration"": 0.0458, ""error"": null, ""post_data"": ""((1, 100, 200), (2, -1, -2), (3, 0, 0), (4, 2147483647, 4294967294), (5, None, None), (6, 2147483648, 4294967296))"", ""gen_check"": ""(2147483648, 4294967296)""}, ""lock_none_expected_fail"": {""success"": true, ""error"": null, ""expected"": ""FAIL""}, ""instant_expected_fail"": {""success"": true, ""error"": null, ""expected"": ""FAIL""}}"
INDEX,,,True,PASS,0.0495,,,"{""ddl"": {""success"": true, ""duration"": 0.0495, ""error"": null}, ""idx_asc_works"": true, ""idx_desc_works"": true, ""verification"": ""PASS""}"
VIEW,,,True,,,,,"{""pre_v1"": ""((1, 100, 'hello'),)"", ""pre_v2"": ""((1, 200), (2, -2), (3, 0))"", ""ddl"": {""success"": true, ""error"": null}, ""post_v1"": ""((1, 100, 'hello'),)"", ""post_v2"": ""((1, 200), (2, -2), (3, 0))"", ""v1_match"": true, ""v2_match"": true, ""v1_with_new"": ""((1, 100, 'hello'), (4, 2147483648, 'new'))"", ""alter_view_rejected"": true}"
TEMP_TABLE,,,,,,,,"{""instant"": {""success"": false, ""error"": ""(1845, 'ALGORITHM=INSTANT is not supported for this operation. Try ALGORITHM=COPY.')"", ""expected"": ""FAIL""}, ""inplace"": {""success"": false, ""error"": ""(1845, 'ALGORITHM=INPLACE is not supported for this operation. Try ALGORITHM=COPY.')"", ""expected"": ""FAIL""}, ""table_usable"": true, ""data_intact"": ""((1, 100, 'hello'), (2, -1, None))""}"
CONSEC_DDL_PERF,,,,,,,,"{""rounds"": [{""round"": 0, ""duration"": 0.0475, ""success"": true}, {""round"": 1, ""duration"": 0.1183, ""success"": true}, {""round"": 2, ""duration"": 0.0389, ""success"": true}, {""round"": 3, ""duration"": 0.0445, ""success"": true}, {""round"": 4, ""duration"": 0.153, ""success"": true}, {""round"": 5, ""duration"": 0.0387, ""success"": true}, {""round"": 6, ""duration"": 0.0449, ""success"": true}, {""round"": 7, ""duration"": 0.14, ""success"": true}, {""round"": 8, ""duration"": 0.0429, ""success"": true}, {""round"": 9, ""duration"": 0.0544,"
VARCHAR_BOUNDARY,,,,,,,,"{""VAR-255L-DYN"": {""success"": true, ""duration"": 0.1233, ""verification"": ""PASS""}, ""VAR-255L-CMP"": {""success"": true, ""duration"": 0.0502, ""verification"": ""PASS""}, ""VAR-255L-RED"": {""success"": true, ""duration"": 0.0539, ""verification"": ""PASS""}, ""VAR-255L-PRS"": {""success"": true, ""duration"": 0.0509, ""verification"": ""PASS""}, ""VAR-85U3-DYN"": {""success"": true, ""duration"": 0.0483, ""verification"": ""PASS""}, ""VAR-63U4-DYN"": {""success"": true, ""duration"": 0.0473, ""verification"": ""PASS""}, ""CHAR-PAD"": {""success"": t"
DECIMAL_BOUNDARY,,,,,,,,"{""DEC-9to10_D2"": {""success"": false, ""error"": ""(1846, 'ALGORITHM=INPLACE is not supported. Reason: Cannot change column type INPLACE. Try ALGORITHM=COPY.')""}, ""DEC-18to19_D2"": {""success"": false, ""error"": ""(1846, 'ALGORITHM=INPLACE is not supported. Reason: Cannot change column type INPLACE. Try ALGORITHM=COPY.')""}, ""DEC-27to28_D2"": {""success"": false, ""error"": ""(1846, 'ALGORITHM=INPLACE is not supported. Reason: Cannot change column type INPLACE. Try ALGORITHM=COPY.')""}, ""DEC-36to37_D2"": {""success"
CD-INT-S-INPLACE,INPLACE,SUCCESS,SUCCESS,FAIL,0.0304,565,3,"{""test_id"": ""CD-INT-S-INPLACE"", ""algorithm"": ""INPLACE"", ""expected_ddl"": ""SUCCESS"", ""ddl_actual"": ""SUCCESS"", ""ddl_duration_s"": 0.0304, ""dml_ops"": 565, ""dml_errors"": 3, ""verification"": ""FAIL"", ""mismatches"": [""t2_extra: id=100047""], ""ddl_expected_match"": true, ""t1_count"": 43, ""t2_count"": 42, ""count_match"": false}"
CD-INT-S-INSTANT,INSTANT,SUCCESS,SUCCESS,FAIL,0.0227,600,3,"{""test_id"": ""CD-INT-S-INSTANT"", ""algorithm"": ""INSTANT"", ""expected_ddl"": ""SUCCESS"", ""ddl_actual"": ""SUCCESS"", ""ddl_duration_s"": 0.0227, ""dml_ops"": 600, ""dml_errors"": 3, ""verification"": ""FAIL"", ""mismatches"": [""t1_extra: id=100060"", ""t2_extra: id=100021"", ""t2_extra: id=100026"", ""t2_extra: id=100037"", ""data_mismatch: id=100038"", ""data_mismatch: id=100120""], ""ddl_expected_match"": true, ""t1_count"": 42, ""t2_count"": 44, ""count_match"": false}"
CD-INT-U-INPLACE,INPLACE,SUCCESS,SUCCESS,PASS,0.0651,617,5,"{""test_id"": ""CD-INT-U-INPLACE"", ""algorithm"": ""INPLACE"", ""expected_ddl"": ""SUCCESS"", ""ddl_actual"": ""SUCCESS"", ""ddl_duration_s"": 0.0651, ""dml_ops"": 617, ""dml_errors"": 5, ""verification"": ""PASS"", ""mismatches"": [], ""ddl_expected_match"": true, ""t1_count"": 53, ""t2_count"": 53, ""count_match"": true}"
CD-INT-U-INSTANT,INSTANT,SUCCESS,SUCCESS,FAIL,0.0261,612,3,"{""test_id"": ""CD-INT-U-INSTANT"", ""algorithm"": ""INSTANT"", ""expected_ddl"": ""SUCCESS"", ""ddl_actual"": ""SUCCESS"", ""ddl_duration_s"": 0.0261, ""dml_ops"": 612, ""dml_errors"": 3, ""verification"": ""FAIL"", ""mismatches"": [""t1_extra: id=100081"", ""t2_extra: id=100042""], ""ddl_expected_match"": true, ""t1_count"": 60, ""t2_count"": 61, ""count_match"": false}"
CD-TINY-S-INPLACE,INPLACE,SUCCESS,SUCCESS,PASS,0.029,586,3,"{""test_id"": ""CD-TINY-S-INPLACE"", ""algorithm"": ""INPLACE"", ""expected_ddl"": ""SUCCESS"", ""ddl_actual"": ""SUCCESS"", ""ddl_duration_s"": 0.029, ""dml_ops"": 586, ""dml_errors"": 3, ""verification"": ""PASS"", ""mismatches"": [], ""ddl_expected_match"": true, ""t1_count"": 80, ""t2_count"": 80, ""count_match"": true}"
CD-TINY-S-INSTANT,INSTANT,SUCCESS,SUCCESS,FAIL,0.0217,594,5,"{""test_id"": ""CD-TINY-S-INSTANT"", ""algorithm"": ""INSTANT"", ""expected_ddl"": ""SUCCESS"", ""ddl_actual"": ""SUCCESS"", ""ddl_duration_s"": 0.0217, ""dml_ops"": 594, ""dml_errors"": 5, ""verification"": ""FAIL"", ""mismatches"": [""t1_extra: id=100082"", ""t2_extra: id=100030"", ""t2_extra: id=100113""], ""ddl_expected_match"": true, ""t1_count"": 71, ""t2_count"": 73, ""count_match"": false}"
CD-TINY-U-INPLACE,INPLACE,SUCCESS,SUCCESS,FAIL,0.0298,615,4,"{""test_id"": ""CD-TINY-U-INPLACE"", ""algorithm"": ""INPLACE"", ""expected_ddl"": ""SUCCESS"", ""ddl_actual"": ""SUCCESS"", ""ddl_duration_s"": 0.0298, ""dml_ops"": 615, ""dml_errors"": 4, ""verification"": ""FAIL"", ""mismatches"": [""t2_extra: id=100043"", ""t2_extra: id=100052"", ""data_mismatch: id=100013""], ""ddl_expected_match"": true, ""t1_count"": 76, ""t2_count"": 78, ""count_match"": false}"
CD-TINY-U-INSTANT,INSTANT,SUCCESS,SUCCESS,FAIL,0.0244,582,3,"{""test_id"": ""CD-TINY-U-INSTANT"", ""algorithm"": ""INSTANT"", ""expected_ddl"": ""SUCCESS"", ""ddl_actual"": ""SUCCESS"", ""ddl_duration_s"": 0.0244, ""dml_ops"": 582, ""dml_errors"": 3, ""verification"": ""FAIL"", ""mismatches"": [""t2_extra: id=100030"", ""t2_extra: id=100079"", ""data_mismatch: id=100039"", ""data_mismatch: id=100040"", ""data_mismatch: id=100094"", ""data_mismatch: id=100095""], ""ddl_expected_match"": true, ""t1_count"": 83, ""t2_count"": 84, ""count_match"": false}"
CD-CHAR-L1-INPLACE,INPLACE,SUCCESS,SUCCESS,FAIL,0.0292,583,5,"{""test_id"": ""CD-CHAR-L1-INPLACE"", ""algorithm"": ""INPLACE"", ""expected_ddl"": ""SUCCESS"", ""ddl_actual"": ""SUCCESS"", ""ddl_duration_s"": 0.0292, ""dml_ops"": 583, ""dml_errors"": 5, ""verification"": ""FAIL"", ""mismatches"": [""data_mismatch: id=100063""], ""ddl_expected_match"": true, ""t1_count"": 89, ""t2_count"": 89, ""count_match"": true}"
CD-CHAR-L1-INSTANT,INSTANT,SUCCESS,SUCCESS,PASS,0.0255,507,5,"{""test_id"": ""CD-CHAR-L1-INSTANT"", ""algorithm"": ""INSTANT"", ""expected_ddl"": ""SUCCESS"", ""ddl_actual"": ""SUCCESS"", ""ddl_duration_s"": 0.0255, ""dml_ops"": 507, ""dml_errors"": 5, ""verification"": ""PASS"", ""mismatches"": [], ""ddl_expected_match"": true, ""t1_count"": 72, ""t2_count"": 72, ""count_match"": true}"
CD-CHAR-63U-INPLACE,INPLACE,SUCCESS,SUCCESS,PASS,0.0301,568,5,"{""test_id"": ""CD-CHAR-63U-INPLACE"", ""algorithm"": ""INPLACE"", ""expected_ddl"": ""SUCCESS"", ""ddl_actual"": ""SUCCESS"", ""ddl_duration_s"": 0.0301, ""dml_ops"": 568, ""dml_errors"": 5, ""verification"": ""PASS"", ""mismatches"": [], ""ddl_expected_match"": true, ""t1_count"": 80, ""t2_count"": 80, ""count_match"": true}"
CD-CHAR-63U-INSTANT,INSTANT,SUCCESS,SUCCESS,FAIL,0.0235,644,3,"{""test_id"": ""CD-CHAR-63U-INSTANT"", ""algorithm"": ""INSTANT"", ""expected_ddl"": ""SUCCESS"", ""ddl_actual"": ""SUCCESS"", ""ddl_duration_s"": 0.0235, ""dml_ops"": 644, ""dml_errors"": 3, ""verification"": ""FAIL"", ""mismatches"": [""t1_extra: id=100110""], ""ddl_expected_match"": true, ""t1_count"": 71, ""t2_count"": 71, ""count_match"": true}"
CD-CHAR-254U-INPLACE,INPLACE,SUCCESS,SUCCESS,FAIL,0.0343,595,5,"{""test_id"": ""CD-CHAR-254U-INPLACE"", ""algorithm"": ""INPLACE"", ""expected_ddl"": ""SUCCESS"", ""ddl_actual"": ""SUCCESS"", ""ddl_duration_s"": 0.0343, ""dml_ops"": 595, ""dml_errors"": 5, ""verification"": ""FAIL"", ""mismatches"": [""t2_extra: id=100043"", ""t2_extra: id=100061"", ""t2_extra: id=100080"", ""t2_extra: id=100087"", ""t2_extra: id=100096"", ""data_mismatch: id=100054"", ""data_mismatch: id=100069"", ""data_mismatch: id=100074"", ""data_mismatch: id=100075"", ""data_mismatch: id=100082"", ""data_mismatch: id=100092""], ""ddl_e"
CD-CHAR-254U-INSTANT,INSTANT,SUCCESS,FAIL,DDL_UNEXPECTED,0.0262,600,2,"{""test_id"": ""CD-CHAR-254U-INSTANT"", ""algorithm"": ""INSTANT"", ""expected_ddl"": ""SUCCESS"", ""ddl_actual"": ""FAIL"", ""ddl_duration_s"": 0.0262, ""dml_ops"": 600, ""dml_errors"": 2, ""verification"": ""DDL_UNEXPECTED"", ""mismatches"": [], ""ddl_error"": ""(1846, 'ALGORITHM=INSTANT is not supported. Reason: Need to rebuild the table to change column type. Try ALGORITHM=COPY/INPLACE.')"", ""ddl_expected_match"": false, ""t1_count"": 68, ""t2_count"": 68, ""count_match"": true}"
CD-VAR-L1-INPLACE,INPLACE,SUCCESS,FAIL,DDL_UNEXPECTED,0.0195,597,1,"{""test_id"": ""CD-VAR-L1-INPLACE"", ""algorithm"": ""INPLACE"", ""expected_ddl"": ""SUCCESS"", ""ddl_actual"": ""FAIL"", ""ddl_duration_s"": 0.0195, ""dml_ops"": 597, ""dml_errors"": 1, ""verification"": ""DDL_UNEXPECTED"", ""mismatches"": [""t1_extra: id=100164"", ""t1_extra: id=100165"", ""t1_extra: id=100166"", ""t1_extra: id=100167""], ""ddl_error"": ""(1846, 'ALGORITHM=INPLACE is not supported. Reason: Cannot change column type INPLACE. Try ALGORITHM=COPY.')"", ""ddl_expected_match"": false, ""t1_count"": 77, ""t2_count"": 74, ""count_"
CD-VAR-L1-INSTANT,INSTANT,SUCCESS,FAIL,DDL_UNEXPECTED,0.0224,614,0,"{""test_id"": ""CD-VAR-L1-INSTANT"", ""algorithm"": ""INSTANT"", ""expected_ddl"": ""SUCCESS"", ""ddl_actual"": ""FAIL"", ""ddl_duration_s"": 0.0224, ""dml_ops"": 614, ""dml_errors"": 0, ""verification"": ""DDL_UNEXPECTED"", ""mismatches"": [], ""ddl_error"": ""(1846, 'ALGORITHM=INSTANT is not supported. Reason: Need to rebuild the table to change column type. Try ALGORITHM=COPY/INPLACE.')"", ""ddl_expected_match"": false, ""t1_count"": 74, ""t2_count"": 74, ""count_match"": true}"
CD-VAR-254L-INPLACE,INPLACE,SUCCESS,FAIL,DDL_UNEXPECTED,0.0187,650,3,"{""test_id"": ""CD-VAR-254L-INPLACE"", ""algorithm"": ""INPLACE"", ""expected_ddl"": ""SUCCESS"", ""ddl_actual"": ""FAIL"", ""ddl_duration_s"": 0.0187, ""dml_ops"": 650, ""dml_errors"": 3, ""verification"": ""DDL_UNEXPECTED"", ""mismatches"": [], ""ddl_error"": ""(1846, 'ALGORITHM=INPLACE is not supported. Reason: Cannot change column type INPLACE. Try ALGORITHM=COPY.')"", ""ddl_expected_match"": false, ""t1_count"": 85, ""t2_count"": 85, ""count_match"": true}"
CD-VAR-254L-INSTANT,INSTANT,SUCCESS,FAIL,DDL_UNEXPECTED,0.0214,610,4,"{""test_id"": ""CD-VAR-254L-INSTANT"", ""algorithm"": ""INSTANT"", ""expected_ddl"": ""SUCCESS"", ""ddl_actual"": ""FAIL"", ""ddl_duration_s"": 0.0214, ""dml_ops"": 610, ""dml_errors"": 4, ""verification"": ""DDL_UNEXPECTED"", ""mismatches"": [], ""ddl_error"": ""(1146, \""Table 'ddl_test.t1' doesn't exist\"")"", ""ddl_expected_match"": false, ""t1_count"": 82, ""t2_count"": 82, ""count_match"": true}"
CD-VAR-255L-INPLACE,INPLACE,SUCCESS,SUCCESS,PASS,0.0365,642,2,"{""test_id"": ""CD-VAR-255L-INPLACE"", ""algorithm"": ""INPLACE"", ""expected_ddl"": ""SUCCESS"", ""ddl_actual"": ""SUCCESS"", ""ddl_duration_s"": 0.0365, ""dml_ops"": 642, ""dml_errors"": 2, ""verification"": ""PASS"", ""mismatches"": [], ""ddl_expected_match"": true, ""t1_count"": 30, ""t2_count"": 30, ""count_match"": true}"
CD-VAR-255L-INSTANT,INSTANT,SUCCESS,SUCCESS,FAIL,0.0276,643,5,"{""test_id"": ""CD-VAR-255L-INSTANT"", ""algorithm"": ""INSTANT"", ""expected_ddl"": ""SUCCESS"", ""ddl_actual"": ""SUCCESS"", ""ddl_duration_s"": 0.0276, ""dml_ops"": 643, ""dml_errors"": 5, ""verification"": ""FAIL"", ""mismatches"": [""t2_extra: id=100117"", ""data_mismatch: id=100104""], ""ddl_expected_match"": true, ""t1_count"": 31, ""t2_count"": 32, ""count_match"": false}"
CD-VAR-85U3-INPLACE,INPLACE,SUCCESS,SUCCESS,PASS,0.0299,697,4,"{""test_id"": ""CD-VAR-85U3-INPLACE"", ""algorithm"": ""INPLACE"", ""expected_ddl"": ""SUCCESS"", ""ddl_actual"": ""SUCCESS"", ""ddl_duration_s"": 0.0299, ""dml_ops"": 697, ""dml_errors"": 4, ""verification"": ""PASS"", ""mismatches"": [], ""ddl_expected_match"": true, ""t1_count"": 21, ""t2_count"": 21, ""count_match"": true}"
CD-VAR-85U3-INSTANT,INSTANT,SUCCESS,SUCCESS,PASS,0.0266,667,4,"{""test_id"": ""CD-VAR-85U3-INSTANT"", ""algorithm"": ""INSTANT"", ""expected_ddl"": ""SUCCESS"", ""ddl_actual"": ""SUCCESS"", ""ddl_duration_s"": 0.0266, ""dml_ops"": 667, ""dml_errors"": 4, ""verification"": ""PASS"", ""mismatches"": [], ""ddl_expected_match"": true, ""t1_count"": 20, ""t2_count"": 20, ""count_match"": true}"
CD-VAR-63U4-INPLACE,INPLACE,SUCCESS,SUCCESS,PASS,0.028,645,3,"{""test_id"": ""CD-VAR-63U4-INPLACE"", ""algorithm"": ""INPLACE"", ""expected_ddl"": ""SUCCESS"", ""ddl_actual"": ""SUCCESS"", ""ddl_duration_s"": 0.028, ""dml_ops"": 645, ""dml_errors"": 3, ""verification"": ""PASS"", ""mismatches"": [], ""ddl_expected_match"": true, ""t1_count"": 25, ""t2_count"": 25, ""count_match"": true}"
CD-VAR-63U4-INSTANT,INSTANT,SUCCESS,SUCCESS,PASS,0.0475,633,2,"{""test_id"": ""CD-VAR-63U4-INSTANT"", ""algorithm"": ""INSTANT"", ""expected_ddl"": ""SUCCESS"", ""ddl_actual"": ""SUCCESS"", ""ddl_duration_s"": 0.0475, ""dml_ops"": 633, ""dml_errors"": 2, ""verification"": ""PASS"", ""mismatches"": [], ""ddl_expected_match"": true, ""t1_count"": 19, ""t2_count"": 19, ""count_match"": true}"
CD-VAR-100U4-INPLACE,INPLACE,SUCCESS,SUCCESS,PASS,0.0277,444,3,"{""test_id"": ""CD-VAR-100U4-INPLACE"", ""algorithm"": ""INPLACE"", ""expected_ddl"": ""SUCCESS"", ""ddl_actual"": ""SUCCESS"", ""ddl_duration_s"": 0.0277, ""dml_ops"": 444, ""dml_errors"": 3, ""verification"": ""PASS"", ""mismatches"": [], ""ddl_expected_match"": true, ""t1_count"": 46, ""t2_count"": 46, ""count_match"": true}"
CD-VAR-100U4-INSTANT,INSTANT,SUCCESS,SUCCESS,PASS,0.0233,557,5,"{""test_id"": ""CD-VAR-100U4-INSTANT"", ""algorithm"": ""INSTANT"", ""expected_ddl"": ""SUCCESS"", ""ddl_actual"": ""SUCCESS"", ""ddl_duration_s"": 0.0233, ""dml_ops"": 557, ""dml_errors"": 5, ""verification"": ""PASS"", ""mismatches"": [], ""ddl_expected_match"": true, ""t1_count"": 24, ""t2_count"": 24, ""count_match"": true}"
CD-BIN-10-INPLACE,INPLACE,SUCCESS,SUCCESS,FAIL,0.0298,597,2,"{""test_id"": ""CD-BIN-10-INPLACE"", ""algorithm"": ""INPLACE"", ""expected_ddl"": ""SUCCESS"", ""ddl_actual"": ""SUCCESS"", ""ddl_duration_s"": 0.0298, ""dml_ops"": 597, ""dml_errors"": 2, ""verification"": ""FAIL"", ""mismatches"": [""t2_extra: id=2"", ""t2_extra: id=100000"", ""t2_extra: id=100004"", ""data_mismatch: id=15""], ""ddl_expected_match"": true, ""t1_count"": 26, ""t2_count"": 29, ""count_match"": false}"
CD-BIN-10-INSTANT,INSTANT,FAIL,SUCCESS,DDL_UNEXPECTED,0.0248,604,2,"{""test_id"": ""CD-BIN-10-INSTANT"", ""algorithm"": ""INSTANT"", ""expected_ddl"": ""FAIL"", ""ddl_actual"": ""SUCCESS"", ""ddl_duration_s"": 0.0248, ""dml_ops"": 604, ""dml_errors"": 2, ""verification"": ""DDL_UNEXPECTED"", ""mismatches"": [""t1_extra: id=100029"", ""t2_extra: id=100003"", ""t2_extra: id=100005"", ""t2_extra: id=100012"", ""t2_extra: id=100014"", ""data_mismatch: id=100007""], ""ddl_expected_match"": false, ""t1_count"": 24, ""t2_count"": 28, ""count_match"": false}"
CD-BIN-40-INPLACE,INPLACE,SUCCESS,SUCCESS,FAIL,0.0335,602,0,"{""test_id"": ""CD-BIN-40-INPLACE"", ""algorithm"": ""INPLACE"", ""expected_ddl"": ""SUCCESS"", ""ddl_actual"": ""SUCCESS"", ""ddl_duration_s"": 0.0335, ""dml_ops"": 602, ""dml_errors"": 0, ""verification"": ""FAIL"", ""mismatches"": [""t2_extra: id=10"", ""data_mismatch: id=100007""], ""ddl_expected_match"": true, ""t1_count"": 19, ""t2_count"": 18, ""count_match"": false}"
CD-BIN-40-INSTANT,INSTANT,FAIL,SUCCESS,DDL_UNEXPECTED,0.0356,475,3,"{""test_id"": ""CD-BIN-40-INSTANT"", ""algorithm"": ""INSTANT"", ""expected_ddl"": ""FAIL"", ""ddl_actual"": ""SUCCESS"", ""ddl_duration_s"": 0.0356, ""dml_ops"": 475, ""dml_errors"": 3, ""verification"": ""DDL_UNEXPECTED"", ""mismatches"": [""t2_extra: id=15"", ""t2_extra: id=17""], ""ddl_expected_match"": false, ""t1_count"": 21, ""t2_count"": 23, ""count_match"": false}"
CD-VBIN-20-INPLACE,INPLACE,SUCCESS,SUCCESS,FAIL,0.0244,589,1,"{""test_id"": ""CD-VBIN-20-INPLACE"", ""algorithm"": ""INPLACE"", ""expected_ddl"": ""SUCCESS"", ""ddl_actual"": ""SUCCESS"", ""ddl_duration_s"": 0.0244, ""dml_ops"": 589, ""dml_errors"": 1, ""verification"": ""FAIL"", ""mismatches"": [""t2_extra: id=5""], ""ddl_expected_match"": true, ""t1_count"": 16, ""t2_count"": 16, ""count_match"": true}"
CD-VBIN-20-INSTANT,INSTANT,FAIL,SUCCESS,DDL_UNEXPECTED,0.0232,582,0,"{""test_id"": ""CD-VBIN-20-INSTANT"", ""algorithm"": ""INSTANT"", ""expected_ddl"": ""FAIL"", ""ddl_actual"": ""SUCCESS"", ""ddl_duration_s"": 0.0232, ""dml_ops"": 582, ""dml_errors"": 0, ""verification"": ""DDL_UNEXPECTED"", ""mismatches"": [], ""ddl_expected_match"": false, ""t1_count"": 18, ""t2_count"": 18, ""count_match"": true}"
CD-VBIN-100-INPLACE,INPLACE,SUCCESS,SUCCESS,FAIL,0.02,578,1,"{""test_id"": ""CD-VBIN-100-INPLACE"", ""algorithm"": ""INPLACE"", ""expected_ddl"": ""SUCCESS"", ""ddl_actual"": ""SUCCESS"", ""ddl_duration_s"": 0.02, ""dml_ops"": 578, ""dml_errors"": 1, ""verification"": ""FAIL"", ""mismatches"": [""L5 query error: (1146, \""Table 'ddl_test.t1' doesn't exist\"")""], ""ddl_expected_match"": true, ""t1_count"": 67, ""t2_count"": 67, ""count_match"": true}"
CD-VBIN-100-INSTANT,INSTANT,FAIL,SUCCESS,DDL_UNEXPECTED,0.023,566,3,"{""test_id"": ""CD-VBIN-100-INSTANT"", ""algorithm"": ""INSTANT"", ""expected_ddl"": ""FAIL"", ""ddl_actual"": ""SUCCESS"", ""ddl_duration_s"": 0.023, ""dml_ops"": 566, ""dml_errors"": 3, ""verification"": ""DDL_UNEXPECTED"", ""mismatches"": [], ""ddl_expected_match"": false, ""t1_count"": 71, ""t2_count"": 71, ""count_match"": true}"
CD-DEC-102-INPLACE,INPLACE,SUCCESS,FAIL,DDL_UNEXPECTED,0.0476,489,2,"{""test_id"": ""CD-DEC-102-INPLACE"", ""algorithm"": ""INPLACE"", ""expected_ddl"": ""SUCCESS"", ""ddl_actual"": ""FAIL"", ""ddl_duration_s"": 0.0476, ""dml_ops"": 489, ""dml_errors"": 2, ""verification"": ""DDL_UNEXPECTED"", ""mismatches"": [], ""ddl_error"": ""(1846, 'ALGORITHM=INPLACE is not supported. Reason: Cannot change column type INPLACE. Try ALGORITHM=COPY.')"", ""ddl_expected_match"": false, ""t1_count"": 85, ""t2_count"": 85, ""count_match"": true}"
CD-DEC-102-INSTANT,INSTANT,FAIL,FAIL_EXPECTED,PASS,0.0199,538,2,"{""test_id"": ""CD-DEC-102-INSTANT"", ""algorithm"": ""INSTANT"", ""expected_ddl"": ""FAIL"", ""ddl_actual"": ""FAIL_EXPECTED"", ""ddl_duration_s"": 0.0199, ""dml_ops"": 538, ""dml_errors"": 2, ""verification"": ""PASS"", ""mismatches"": [], ""ddl_error"": ""(1146, \""Table 'ddl_test.t1' doesn't exist\"")"", ""ddl_expected_match"": true, ""t1_count"": 84, ""t2_count"": 84, ""count_match"": true}"
CD-DEC-180-INPLACE,INPLACE,SUCCESS,FAIL,DDL_UNEXPECTED,0.0219,591,3,"{""test_id"": ""CD-DEC-180-INPLACE"", ""algorithm"": ""INPLACE"", ""expected_ddl"": ""SUCCESS"", ""ddl_actual"": ""FAIL"", ""ddl_duration_s"": 0.0219, ""dml_ops"": 591, ""dml_errors"": 3, ""verification"": ""DDL_UNEXPECTED"", ""mismatches"": [""t2_extra: id=100040"", ""data_mismatch: id=100050""], ""ddl_error"": ""(1846, 'ALGORITHM=INPLACE is not supported. Reason: Cannot change column type INPLACE. Try ALGORITHM=COPY.')"", ""ddl_expected_match"": false, ""t1_count"": 86, ""t2_count"": 86, ""count_match"": true}"
CD-DEC-180-INSTANT,INSTANT,FAIL,FAIL_EXPECTED,FAIL,0.0165,656,3,"{""test_id"": ""CD-DEC-180-INSTANT"", ""algorithm"": ""INSTANT"", ""expected_ddl"": ""FAIL"", ""ddl_actual"": ""FAIL_EXPECTED"", ""ddl_duration_s"": 0.0165, ""dml_ops"": 656, ""dml_errors"": 3, ""verification"": ""FAIL"", ""mismatches"": [""data_mismatch: id=100083""], ""ddl_error"": ""(1846, 'ALGORITHM=INSTANT is not supported. Reason: Need to rebuild the table to change column type. Try ALGORITHM=COPY/INPLACE.')"", ""ddl_expected_match"": true, ""t1_count"": 54, ""t2_count"": 54, ""count_match"": true}"
CD-DEC-6430-INPLACE,INPLACE,SUCCESS,FAIL,DDL_UNEXPECTED,0.0169,680,2,"{""test_id"": ""CD-DEC-6430-INPLACE"", ""algorithm"": ""INPLACE"", ""expected_ddl"": ""SUCCESS"", ""ddl_actual"": ""FAIL"", ""ddl_duration_s"": 0.0169, ""dml_ops"": 680, ""dml_errors"": 2, ""verification"": ""DDL_UNEXPECTED"", ""mismatches"": [""data_mismatch: id=100033""], ""ddl_error"": ""(1846, 'ALGORITHM=INPLACE is not supported. Reason: Cannot change column type INPLACE. Try ALGORITHM=COPY.')"", ""ddl_expected_match"": false, ""t1_count"": 50, ""t2_count"": 50, ""count_match"": true}"
CD-DEC-6430-INSTANT,INSTANT,FAIL,FAIL_EXPECTED,PASS,0.0173,588,3,"{""test_id"": ""CD-DEC-6430-INSTANT"", ""algorithm"": ""INSTANT"", ""expected_ddl"": ""FAIL"", ""ddl_actual"": ""FAIL_EXPECTED"", ""ddl_duration_s"": 0.0173, ""dml_ops"": 588, ""dml_errors"": 3, ""verification"": ""PASS"", ""mismatches"": [], ""ddl_error"": ""(1846, 'ALGORITHM=INSTANT is not supported. Reason: Need to rebuild the table to change column type. Try ALGORITHM=COPY/INPLACE.')"", ""ddl_expected_match"": true, ""t1_count"": 46, ""t2_count"": 46, ""count_match"": true}"
CD-TEXT-T2T-INPLACE,INPLACE,SUCCESS,FAIL,DDL_UNEXPECTED,0.0211,630,4,"{""test_id"": ""CD-TEXT-T2T-INPLACE"", ""algorithm"": ""INPLACE"", ""expected_ddl"": ""SUCCESS"", ""ddl_actual"": ""FAIL"", ""ddl_duration_s"": 0.0211, ""dml_ops"": 630, ""dml_errors"": 4, ""verification"": ""DDL_UNEXPECTED"", ""mismatches"": [""data_mismatch: id=100038""], ""ddl_error"": ""(1846, 'ALGORITHM=INPLACE is not supported. Reason: Cannot change column type INPLACE. Try ALGORITHM=COPY.')"", ""ddl_expected_match"": false, ""t1_count"": 43, ""t2_count"": 43, ""count_match"": true}"
CD-TEXT-T2T-INSTANT,INSTANT,SUCCESS,FAIL,DDL_UNEXPECTED,0.0178,630,3,"{""test_id"": ""CD-TEXT-T2T-INSTANT"", ""algorithm"": ""INSTANT"", ""expected_ddl"": ""SUCCESS"", ""ddl_actual"": ""FAIL"", ""ddl_duration_s"": 0.0178, ""dml_ops"": 630, ""dml_errors"": 3, ""verification"": ""DDL_UNEXPECTED"", ""mismatches"": [""t2_extra: id=100070"", ""t2_extra: id=100122"", ""data_mismatch: id=100131""], ""ddl_error"": ""(1846, 'ALGORITHM=INSTANT is not supported. Reason: Need to rebuild the table to change column type. Try ALGORITHM=COPY/INPLACE.')"", ""ddl_expected_match"": false, ""t1_count"": 48, ""t2_count"": 50, """
CD-TEXT-T2M-INPLACE,INPLACE,SUCCESS,FAIL,DDL_UNEXPECTED,0.0194,619,1,"{""test_id"": ""CD-TEXT-T2M-INPLACE"", ""algorithm"": ""INPLACE"", ""expected_ddl"": ""SUCCESS"", ""ddl_actual"": ""FAIL"", ""ddl_duration_s"": 0.0194, ""dml_ops"": 619, ""dml_errors"": 1, ""verification"": ""DDL_UNEXPECTED"", ""mismatches"": [], ""ddl_error"": ""(1846, 'ALGORITHM=INPLACE is not supported. Reason: Cannot change column type INPLACE. Try ALGORITHM=COPY.')"", ""ddl_expected_match"": false, ""t1_count"": 50, ""t2_count"": 50, ""count_match"": true}"
CD-TEXT-T2M-INSTANT,,,,,,,,"{""error"": ""(1146, \""Table 'ddl_test.t2' doesn't exist\"")""}"
CD-TEXT-M2L-INPLACE,INPLACE,SUCCESS,FAIL,DDL_UNEXPECTED,0.0181,520,2,"{""test_id"": ""CD-TEXT-M2L-INPLACE"", ""algorithm"": ""INPLACE"", ""expected_ddl"": ""SUCCESS"", ""ddl_actual"": ""FAIL"", ""ddl_duration_s"": 0.0181, ""dml_ops"": 520, ""dml_errors"": 2, ""verification"": ""DDL_UNEXPECTED"", ""mismatches"": [""t1_extra: id=100000"", ""data_mismatch: id=3""], ""ddl_error"": ""(1846, 'ALGORITHM=INPLACE is not supported. Reason: Cannot change column type INPLACE. Try ALGORITHM=COPY.')"", ""ddl_expected_match"": false, ""t1_count"": 6, ""t2_count"": 6, ""count_match"": true}"
CD-TEXT-M2L-INSTANT,INSTANT,SUCCESS,FAIL,DDL_UNEXPECTED,0.0165,471,2,"{""test_id"": ""CD-TEXT-M2L-INSTANT"", ""algorithm"": ""INSTANT"", ""expected_ddl"": ""SUCCESS"", ""ddl_actual"": ""FAIL"", ""ddl_duration_s"": 0.0165, ""dml_ops"": 471, ""dml_errors"": 2, ""verification"": ""DDL_UNEXPECTED"", ""mismatches"": [""t2_extra: id=100004""], ""ddl_error"": ""(1846, 'ALGORITHM=INSTANT is not supported. Reason: Need to rebuild the table to change column type. Try ALGORITHM=COPY/INPLACE.')"", ""ddl_expected_match"": false, ""t1_count"": 14, ""t2_count"": 13, ""count_match"": false}"
CD-BLOB-T2B-INPLACE,INPLACE,SUCCESS,FAIL,DDL_UNEXPECTED,0.0239,531,3,"{""test_id"": ""CD-BLOB-T2B-INPLACE"", ""algorithm"": ""INPLACE"", ""expected_ddl"": ""SUCCESS"", ""ddl_actual"": ""FAIL"", ""ddl_duration_s"": 0.0239, ""dml_ops"": 531, ""dml_errors"": 3, ""verification"": ""DDL_UNEXPECTED"", ""mismatches"": [""t1_extra: id=100071"", ""t2_extra: id=100043"", ""t2_extra: id=100045""], ""ddl_error"": ""(1846, 'ALGORITHM=INPLACE is not supported. Reason: Cannot change column type INPLACE. Try ALGORITHM=COPY.')"", ""ddl_expected_match"": false, ""t1_count"": 36, ""t2_count"": 38, ""count_match"": false}"
CD-BLOB-T2B-INSTANT,INSTANT,SUCCESS,FAIL,DDL_UNEXPECTED,0.0222,553,4,"{""test_id"": ""CD-BLOB-T2B-INSTANT"", ""algorithm"": ""INSTANT"", ""expected_ddl"": ""SUCCESS"", ""ddl_actual"": ""FAIL"", ""ddl_duration_s"": 0.0222, ""dml_ops"": 553, ""dml_errors"": 4, ""verification"": ""DDL_UNEXPECTED"", ""mismatches"": [""t2_extra: id=100048"", ""t2_extra: id=100058"", ""data_mismatch: id=100041"", ""data_mismatch: id=100047""], ""ddl_error"": ""(1846, 'ALGORITHM=INSTANT is not supported. Reason: Need to rebuild the table to change column type. Try ALGORITHM=COPY/INPLACE.')"", ""ddl_expected_match"": false, ""t1_c"
CD-BLOB-B2M-INPLACE,INPLACE,SUCCESS,FAIL,DDL_UNEXPECTED,0.0234,470,4,"{""test_id"": ""CD-BLOB-B2M-INPLACE"", ""algorithm"": ""INPLACE"", ""expected_ddl"": ""SUCCESS"", ""ddl_actual"": ""FAIL"", ""ddl_duration_s"": 0.0234, ""dml_ops"": 470, ""dml_errors"": 4, ""verification"": ""DDL_UNEXPECTED"", ""mismatches"": [], ""ddl_error"": ""(1846, 'ALGORITHM=INPLACE is not supported. Reason: Cannot change column type INPLACE. Try ALGORITHM=COPY.')"", ""ddl_expected_match"": false, ""t1_count"": 53, ""t2_count"": 53, ""count_match"": true}"
CD-BLOB-B2M-INSTANT,INSTANT,SUCCESS,FAIL,DDL_UNEXPECTED,0.0182,553,3,"{""test_id"": ""CD-BLOB-B2M-INSTANT"", ""algorithm"": ""INSTANT"", ""expected_ddl"": ""SUCCESS"", ""ddl_actual"": ""FAIL"", ""ddl_duration_s"": 0.0182, ""dml_ops"": 553, ""dml_errors"": 3, ""verification"": ""DDL_UNEXPECTED"", ""mismatches"": [], ""ddl_error"": ""(1146, \""Table 'ddl_test.t1' doesn't exist\"")"", ""ddl_expected_match"": false, ""t1_count"": 60, ""t2_count"": 60, ""count_match"": true}"
CD-BLOB-M2L-INPLACE,,,,,,,,"{""error"": ""(1146, \""Table 'ddl_test.t1' doesn't exist\"")""}"
CD-BLOB-M2L-INSTANT,INSTANT,SUCCESS,FAIL,DDL_UNEXPECTED,0.0225,575,2,"{""test_id"": ""CD-BLOB-M2L-INSTANT"", ""algorithm"": ""INSTANT"", ""expected_ddl"": ""SUCCESS"", ""ddl_actual"": ""FAIL"", ""ddl_duration_s"": 0.0225, ""dml_ops"": 575, ""dml_errors"": 2, ""verification"": ""DDL_UNEXPECTED"", ""mismatches"": [], ""ddl_error"": ""(1846, 'ALGORITHM=INSTANT is not supported. Reason: Need to rebuild the table to change column type. Try ALGORITHM=COPY/INPLACE.')"", ""ddl_expected_match"": false, ""t1_count"": 4, ""t2_count"": 4, ""count_match"": true}"
CD-BIT-1to8-INPLACE,INPLACE,SUCCESS,FAIL,DDL_UNEXPECTED,0.0264,435,2,"{""test_id"": ""CD-BIT-1to8-INPLACE"", ""algorithm"": ""INPLACE"", ""expected_ddl"": ""SUCCESS"", ""ddl_actual"": ""FAIL"", ""ddl_duration_s"": 0.0264, ""dml_ops"": 435, ""dml_errors"": 2, ""verification"": ""DDL_UNEXPECTED"", ""mismatches"": [""data_mismatch: id=100009""], ""ddl_error"": ""(1846, 'ALGORITHM=INPLACE is not supported. Reason: Cannot change column type INPLACE. Try ALGORITHM=COPY.')"", ""ddl_expected_match"": false, ""t1_count"": 9, ""t2_count"": 9, ""count_match"": true}"
CD-BIT-1to8-INSTANT,INSTANT,SUCCESS,FAIL,DDL_UNEXPECTED,0.0219,602,0,"{""test_id"": ""CD-BIT-1to8-INSTANT"", ""algorithm"": ""INSTANT"", ""expected_ddl"": ""SUCCESS"", ""ddl_actual"": ""FAIL"", ""ddl_duration_s"": 0.0219, ""dml_ops"": 602, ""dml_errors"": 0, ""verification"": ""DDL_UNEXPECTED"", ""mismatches"": [""t2_extra: id=100023""], ""ddl_error"": ""(1846, 'ALGORITHM=INSTANT is not supported. Reason: Need to rebuild the table to change column type. Try ALGORITHM=COPY/INPLACE.')"", ""ddl_expected_match"": false, ""t1_count"": 16, ""t2_count"": 17, ""count_match"": false}"
CD-BIT-8to16-INPLACE,INPLACE,SUCCESS,FAIL,DDL_UNEXPECTED,0.02,602,3,"{""test_id"": ""CD-BIT-8to16-INPLACE"", ""algorithm"": ""INPLACE"", ""expected_ddl"": ""SUCCESS"", ""ddl_actual"": ""FAIL"", ""ddl_duration_s"": 0.02, ""dml_ops"": 602, ""dml_errors"": 3, ""verification"": ""DDL_UNEXPECTED"", ""mismatches"": [""data_mismatch: id=100005"", ""data_mismatch: id=100006"", ""data_mismatch: id=100017""], ""ddl_error"": ""(1846, 'ALGORITHM=INPLACE is not supported. Reason: Cannot change column type INPLACE. Try ALGORITHM=COPY.')"", ""ddl_expected_match"": false, ""t1_count"": 38, ""t2_count"": 38, ""count_match"":"
CD-BIT-8to16-INSTANT,INSTANT,SUCCESS,FAIL,DDL_UNEXPECTED,0.0212,645,5,"{""test_id"": ""CD-BIT-8to16-INSTANT"", ""algorithm"": ""INSTANT"", ""expected_ddl"": ""SUCCESS"", ""ddl_actual"": ""FAIL"", ""ddl_duration_s"": 0.0212, ""dml_ops"": 645, ""dml_errors"": 5, ""verification"": ""DDL_UNEXPECTED"", ""mismatches"": [""data_mismatch: id=100019"", ""data_mismatch: id=100020"", ""data_mismatch: id=100030"", ""data_mismatch: id=100033"", ""data_mismatch: id=100159""], ""ddl_error"": ""(1846, 'ALGORITHM=INSTANT is not supported. Reason: Need to rebuild the table to change column type. Try ALGORITHM=COPY/INPLACE."
CD-BIT-16to32-INPLACE,,,,,,,,"{""error"": ""(1146, \""Table 'ddl_test.t1' doesn't exist\"")""}"
CD-BIT-16to32-INSTANT,INSTANT,SUCCESS,FAIL,DDL_UNEXPECTED,0.0225,629,0,"{""test_id"": ""CD-BIT-16to32-INSTANT"", ""algorithm"": ""INSTANT"", ""expected_ddl"": ""SUCCESS"", ""ddl_actual"": ""FAIL"", ""ddl_duration_s"": 0.0225, ""dml_ops"": 629, ""dml_errors"": 0, ""verification"": ""DDL_UNEXPECTED"", ""mismatches"": [], ""ddl_error"": ""(1846, 'ALGORITHM=INSTANT is not supported. Reason: Need to rebuild the table to change column type. Try ALGORITHM=COPY/INPLACE.')"", ""ddl_expected_match"": false, ""t1_count"": 54, ""t2_count"": 54, ""count_match"": true}"
CD-BIT-32to64-INPLACE,INPLACE,SUCCESS,FAIL,DDL_UNEXPECTED,0.0513,592,1,"{""test_id"": ""CD-BIT-32to64-INPLACE"", ""algorithm"": ""INPLACE"", ""expected_ddl"": ""SUCCESS"", ""ddl_actual"": ""FAIL"", ""ddl_duration_s"": 0.0513, ""dml_ops"": 592, ""dml_errors"": 1, ""verification"": ""DDL_UNEXPECTED"", ""mismatches"": [], ""ddl_error"": ""(1846, 'ALGORITHM=INPLACE is not supported. Reason: Cannot change column type INPLACE. Try ALGORITHM=COPY.')"", ""ddl_expected_match"": false, ""t1_count"": 51, ""t2_count"": 51, ""count_match"": true}"
CD-BIT-32to64-INSTANT,INSTANT,SUCCESS,FAIL,DDL_UNEXPECTED,0.0186,502,2,"{""test_id"": ""CD-BIT-32to64-INSTANT"", ""algorithm"": ""INSTANT"", ""expected_ddl"": ""SUCCESS"", ""ddl_actual"": ""FAIL"", ""ddl_duration_s"": 0.0186, ""dml_ops"": 502, ""dml_errors"": 2, ""verification"": ""DDL_UNEXPECTED"", ""mismatches"": [], ""ddl_error"": ""(1846, 'ALGORITHM=INSTANT is not supported. Reason: Need to rebuild the table to change column type. Try ALGORITHM=COPY/INPLACE.')"", ""ddl_expected_match"": false, ""t1_count"": 36, ""t2_count"": 36, ""count_match"": true}"
RF-DYN-INPLACE,INPLACE,SUCCESS,SUCCESS,PASS,0.0295,335,2,"{""test_id"": ""RF-DYN-INPLACE"", ""algorithm"": ""INPLACE"", ""expected_ddl"": ""SUCCESS"", ""ddl_actual"": ""SUCCESS"", ""ddl_duration_s"": 0.0295, ""dml_ops"": 335, ""dml_errors"": 2, ""verification"": ""PASS"", ""mismatches"": [], ""ddl_expected_match"": true, ""t1_count"": 50, ""t2_count"": 50, ""count_match"": true}"
RF-DYN-INSTANT,INSTANT,SUCCESS,SUCCESS,PASS,0.0309,297,2,"{""test_id"": ""RF-DYN-INSTANT"", ""algorithm"": ""INSTANT"", ""expected_ddl"": ""SUCCESS"", ""ddl_actual"": ""SUCCESS"", ""ddl_duration_s"": 0.0309, ""dml_ops"": 297, ""dml_errors"": 2, ""verification"": ""PASS"", ""mismatches"": [], ""ddl_expected_match"": true, ""t1_count"": 56, ""t2_count"": 56, ""count_match"": true}"
RF-COM-INPLACE,INPLACE,SUCCESS,SUCCESS,PASS,0.04,320,1,"{""test_id"": ""RF-COM-INPLACE"", ""algorithm"": ""INPLACE"", ""expected_ddl"": ""SUCCESS"", ""ddl_actual"": ""SUCCESS"", ""ddl_duration_s"": 0.04, ""dml_ops"": 320, ""dml_errors"": 1, ""verification"": ""PASS"", ""mismatches"": [], ""ddl_expected_match"": true, ""t1_count"": 66, ""t2_count"": 66, ""count_match"": true}"
RF-COM-INSTANT,INSTANT,SUCCESS,SUCCESS,PASS,0.0522,283,1,"{""test_id"": ""RF-COM-INSTANT"", ""algorithm"": ""INSTANT"", ""expected_ddl"": ""SUCCESS"", ""ddl_actual"": ""SUCCESS"", ""ddl_duration_s"": 0.0522, ""dml_ops"": 283, ""dml_errors"": 1, ""verification"": ""PASS"", ""mismatches"": [], ""ddl_expected_match"": true, ""t1_count"": 50, ""t2_count"": 50, ""count_match"": true}"
RF-RED-INPLACE,INPLACE,SUCCESS,SUCCESS,PASS,0.0307,328,1,"{""test_id"": ""RF-RED-INPLACE"", ""algorithm"": ""INPLACE"", ""expected_ddl"": ""SUCCESS"", ""ddl_actual"": ""SUCCESS"", ""ddl_duration_s"": 0.0307, ""dml_ops"": 328, ""dml_errors"": 1, ""verification"": ""PASS"", ""mismatches"": [], ""ddl_expected_match"": true, ""t1_count"": 60, ""t2_count"": 60, ""count_match"": true}"
RF-RED-INSTANT,INSTANT,SUCCESS,SUCCESS,PASS,0.042,305,2,"{""test_id"": ""RF-RED-INSTANT"", ""algorithm"": ""INSTANT"", ""expected_ddl"": ""SUCCESS"", ""ddl_actual"": ""SUCCESS"", ""ddl_duration_s"": 0.042, ""dml_ops"": 305, ""dml_errors"": 2, ""verification"": ""PASS"", ""mismatches"": [], ""ddl_expected_match"": true, ""t1_count"": 48, ""t2_count"": 48, ""count_match"": true}"
RF-COM-INPLACE,INPLACE,SUCCESS,SUCCESS,PASS,0.0463,340,2,"{""test_id"": ""RF-COM-INPLACE"", ""algorithm"": ""INPLACE"", ""expected_ddl"": ""SUCCESS"", ""ddl_actual"": ""SUCCESS"", ""ddl_duration_s"": 0.0463, ""dml_ops"": 340, ""dml_errors"": 2, ""verification"": ""PASS"", ""mismatches"": [], ""ddl_expected_match"": true, ""t1_count"": 64, ""t2_count"": 64, ""count_match"": true}"
RF-COM-INSTANT,INSTANT,SUCCESS,FAIL,DDL_UNEXPECTED,0.0215,376,2,"{""test_id"": ""RF-COM-INSTANT"", ""algorithm"": ""INSTANT"", ""expected_ddl"": ""SUCCESS"", ""ddl_actual"": ""FAIL"", ""ddl_duration_s"": 0.0215, ""dml_ops"": 376, ""dml_errors"": 2, ""verification"": ""DDL_UNEXPECTED"", ""mismatches"": [], ""ddl_error"": ""(1845, 'ALGORITHM=INSTANT is not supported for this operation. Try ALGORITHM=COPY/INPLACE.')"", ""ddl_expected_match"": false, ""t1_count"": 38, ""t2_count"": 38, ""count_match"": true}"
TS-NARROW-INPLACE,INPLACE,SUCCESS,SUCCESS,PASS,0.0306,355,3,"{""test_id"": ""TS-NARROW-INPLACE"", ""algorithm"": ""INPLACE"", ""expected_ddl"": ""SUCCESS"", ""ddl_actual"": ""SUCCESS"", ""ddl_duration_s"": 0.0306, ""dml_ops"": 355, ""dml_errors"": 3, ""verification"": ""PASS"", ""mismatches"": [], ""ddl_expected_match"": true, ""t1_count"": 58, ""t2_count"": 58, ""count_match"": true}"
TS-NARROW-INSTANT,INSTANT,SUCCESS,SUCCESS,PASS,0.0247,366,2,"{""test_id"": ""TS-NARROW-INSTANT"", ""algorithm"": ""INSTANT"", ""expected_ddl"": ""SUCCESS"", ""ddl_actual"": ""SUCCESS"", ""ddl_duration_s"": 0.0247, ""dml_ops"": 366, ""dml_errors"": 2, ""verification"": ""PASS"", ""mismatches"": [], ""ddl_expected_match"": true, ""t1_count"": 69, ""t2_count"": 69, ""count_match"": true}"
TS-WIDE-INPLACE,INPLACE,SUCCESS,SUCCESS,PASS,0.0329,351,1,"{""test_id"": ""TS-WIDE-INPLACE"", ""algorithm"": ""INPLACE"", ""expected_ddl"": ""SUCCESS"", ""ddl_actual"": ""SUCCESS"", ""ddl_duration_s"": 0.0329, ""dml_ops"": 351, ""dml_errors"": 1, ""verification"": ""PASS"", ""mismatches"": [], ""ddl_expected_match"": true, ""t1_count"": 57, ""t2_count"": 57, ""count_match"": true}"
TS-WIDE-INSTANT,INSTANT,SUCCESS,SUCCESS,PASS,0.0368,373,2,"{""test_id"": ""TS-WIDE-INSTANT"", ""algorithm"": ""INSTANT"", ""expected_ddl"": ""SUCCESS"", ""ddl_actual"": ""SUCCESS"", ""ddl_duration_s"": 0.0368, ""dml_ops"": 373, ""dml_errors"": 2, ""verification"": ""PASS"", ""mismatches"": [], ""ddl_expected_match"": true, ""t1_count"": 61, ""t2_count"": 61, ""count_match"": true}"
TS-MAXROW-INPLACE,INPLACE,SUCCESS,SUCCESS,PASS,0.0284,252,0,"{""test_id"": ""TS-MAXROW-INPLACE"", ""algorithm"": ""INPLACE"", ""expected_ddl"": ""SUCCESS"", ""ddl_actual"": ""SUCCESS"", ""ddl_duration_s"": 0.0284, ""dml_ops"": 252, ""dml_errors"": 0, ""verification"": ""PASS"", ""mismatches"": [], ""ddl_expected_match"": true, ""t1_count"": 128, ""t2_count"": 128, ""count_match"": true}"
TS-MAXROW-INSTANT,INSTANT,SUCCESS,SUCCESS,PASS,0.0258,226,1,"{""test_id"": ""TS-MAXROW-INSTANT"", ""algorithm"": ""INSTANT"", ""expected_ddl"": ""SUCCESS"", ""ddl_actual"": ""SUCCESS"", ""ddl_duration_s"": 0.0258, ""dml_ops"": 226, ""dml_errors"": 1, ""verification"": ""PASS"", ""mismatches"": [], ""ddl_expected_match"": true, ""t1_count"": 113, ""t2_count"": 113, ""count_match"": true}"
LARGE_TABLE,,,True,PASS,310.7,17541,1160,"{""row_count"": 58916864, ""checksum_pre"": {""t1"": ""('ddl_test.t_large', 3386576518)"", ""t2"": ""('ddl_test.t_large_oracle', 3924343378)""}, ""ddl"": {""success"": true, ""duration"": 310.7, ""error"": null}, ""dml_ops"": 17541, ""dml_errors"": 1160, ""dml_breakdown"": {""INSERT"": {""ops"": 6630, ""errors"": 0}, ""UPDATE"": {""ops"": 11, ""errors"": 0}, ""DELETE"": {""ops"": 4490, ""errors"": 0}, ""SELECT"": {""ops"": 27, ""errors"": 0}, ""UPSERT"": {""ops"": 6383, ""errors"": 1160}}, ""checksum_post"": {""t1"": ""('ddl_test.t_large', 2875783784)"", """
