test_id,category,old_type,new_type,algorithm,expected,row_count,ddl_duration,dml_ops,dml_errors,pre_ddl_qps,during_ddl_qps,ddl_qps_drop_pct,verification,details
LT-INT-BIGINT-IP,integer,INT,BIGINT,INPLACE,,100000,0.27,1173,0,96.7,105.9,-9.5,PASS,"{""test_id"": ""LT-INT-BIGINT-IP"", ""category"": ""integer"", ""old_type"": ""INT"", ""new_type"": ""BIGINT"", ""algorithm"": ""INPLACE"", ""target_rows"": 100000, ""row_count"": 100000, ""checksum_pre"": {""t1"": ""('ddl_test.t_large', 1517775826)"", ""t2"": ""('ddl_test.t_large_oracle', 745772234)""}, ""ddl"": {""success"": true, ""duration"": 0.27, ""error"": null, ""algorithm"": ""INPLACE""}, ""dml_ops"": 1173, ""dml_errors"": 0, ""dml_breakdown"": {""INSERT"": {""ops"": 242, ""errors"": 0}, ""UPDATE"": {""ops"": 118, ""errors"": 0}, ""DELETE"": {""ops"": 1"
LT-INT-BIGINT-IT,integer,INT,BIGINT,INSTANT,,100000,0.05,1019,0,92.3,97.6,-5.7,PASS,"{""test_id"": ""LT-INT-BIGINT-IT"", ""category"": ""integer"", ""old_type"": ""INT"", ""new_type"": ""BIGINT"", ""algorithm"": ""INSTANT"", ""target_rows"": 100000, ""row_count"": 100000, ""checksum_pre"": {""t1"": ""('ddl_test.t_large', 3680527368)"", ""t2"": ""('ddl_test.t_large_oracle', 1653806238)""}, ""ddl"": {""success"": true, ""duration"": 0.05, ""error"": null, ""algorithm"": ""INSTANT""}, ""dml_ops"": 1019, ""dml_errors"": 0, ""dml_breakdown"": {""INSERT"": {""ops"": 249, ""errors"": 0}, ""UPDATE"": {""ops"": 97, ""errors"": 0}, ""DELETE"": {""ops"": 1"
LT-TINY-SMALL-IP,integer,TINYINT,SMALLINT,INPLACE,,100000,0.24,1155,0,97.6,105.9,-8.5,PASS,"{""test_id"": ""LT-TINY-SMALL-IP"", ""category"": ""integer"", ""old_type"": ""TINYINT"", ""new_type"": ""SMALLINT"", ""algorithm"": ""INPLACE"", ""target_rows"": 100000, ""row_count"": 100000, ""checksum_pre"": {""t1"": ""('ddl_test.t_large', 3069009657)"", ""t2"": ""('ddl_test.t_large_oracle', 1090063267)""}, ""ddl"": {""success"": true, ""duration"": 0.24, ""error"": null, ""algorithm"": ""INPLACE""}, ""dml_ops"": 1155, ""dml_errors"": 0, ""dml_breakdown"": {""INSERT"": {""ops"": 260, ""errors"": 0}, ""UPDATE"": {""ops"": 92, ""errors"": 0}, ""DELETE"": {""o"
LT-TINY-SMALL-IT,integer,TINYINT,SMALLINT,INSTANT,,100000,0.07,1005,0,87.8,94.5,-7.6,PASS,"{""test_id"": ""LT-TINY-SMALL-IT"", ""category"": ""integer"", ""old_type"": ""TINYINT"", ""new_type"": ""SMALLINT"", ""algorithm"": ""INSTANT"", ""target_rows"": 100000, ""row_count"": 100000, ""checksum_pre"": {""t1"": ""('ddl_test.t_large', 890665584)"", ""t2"": ""('ddl_test.t_large_oracle', 2508126314)""}, ""ddl"": {""success"": true, ""duration"": 0.07, ""error"": null, ""algorithm"": ""INSTANT""}, ""dml_ops"": 1005, ""dml_errors"": 0, ""dml_breakdown"": {""INSERT"": {""ops"": 201, ""errors"": 0}, ""UPDATE"": {""ops"": 108, ""errors"": 0}, ""DELETE"": {""o"
LT-TINY-INT-IP,integer,TINYINT,INT,INPLACE,,100000,0.24,1063,0,76.0,94.9,-24.9,PASS,"{""test_id"": ""LT-TINY-INT-IP"", ""category"": ""integer"", ""old_type"": ""TINYINT"", ""new_type"": ""INT"", ""algorithm"": ""INPLACE"", ""target_rows"": 100000, ""row_count"": 100000, ""checksum_pre"": {""t1"": ""('ddl_test.t_large', 3069009657)"", ""t2"": ""('ddl_test.t_large_oracle', 1569830828)""}, ""ddl"": {""success"": true, ""duration"": 0.24, ""error"": null, ""algorithm"": ""INPLACE""}, ""dml_ops"": 1063, ""dml_errors"": 0, ""dml_breakdown"": {""INSERT"": {""ops"": 200, ""errors"": 0}, ""UPDATE"": {""ops"": 105, ""errors"": 0}, ""DELETE"": {""ops"": 1"
LT-TINY-INT-IT,integer,TINYINT,INT,INSTANT,,100000,0.05,1027,0,83.4,98.8,-18.5,PASS,"{""test_id"": ""LT-TINY-INT-IT"", ""category"": ""integer"", ""old_type"": ""TINYINT"", ""new_type"": ""INT"", ""algorithm"": ""INSTANT"", ""target_rows"": 100000, ""row_count"": 100000, ""checksum_pre"": {""t1"": ""('ddl_test.t_large', 890665584)"", ""t2"": ""('ddl_test.t_large_oracle', 1770192751)""}, ""ddl"": {""success"": true, ""duration"": 0.05, ""error"": null, ""algorithm"": ""INSTANT""}, ""dml_ops"": 1027, ""dml_errors"": 0, ""dml_breakdown"": {""INSERT"": {""ops"": 236, ""errors"": 0}, ""UPDATE"": {""ops"": 101, ""errors"": 0}, ""DELETE"": {""ops"": 15"
LT-TINY-BIG-IT,integer,TINYINT,BIGINT,INSTANT,,100000,0.09,1015,0,91.9,95.9,-4.4,PASS,"{""test_id"": ""LT-TINY-BIG-IT"", ""category"": ""integer"", ""old_type"": ""TINYINT"", ""new_type"": ""BIGINT"", ""algorithm"": ""INSTANT"", ""target_rows"": 100000, ""row_count"": 100000, ""checksum_pre"": {""t1"": ""('ddl_test.t_large', 890665584)"", ""t2"": ""('ddl_test.t_large_oracle', 1755594630)""}, ""ddl"": {""success"": true, ""duration"": 0.09, ""error"": null, ""algorithm"": ""INSTANT""}, ""dml_ops"": 1015, ""dml_errors"": 0, ""dml_breakdown"": {""INSERT"": {""ops"": 247, ""errors"": 0}, ""UPDATE"": {""ops"": 102, ""errors"": 0}, ""DELETE"": {""ops"":"
LT-SMALL-MED-IP,integer,SMALLINT,MEDIUMINT,INPLACE,,100000,0.25,1165,0,98.6,103.1,-4.6,PASS,"{""test_id"": ""LT-SMALL-MED-IP"", ""category"": ""integer"", ""old_type"": ""SMALLINT"", ""new_type"": ""MEDIUMINT"", ""algorithm"": ""INPLACE"", ""target_rows"": 100000, ""row_count"": 100000, ""checksum_pre"": {""t1"": ""('ddl_test.t_large', 2664576771)"", ""t2"": ""('ddl_test.t_large_oracle', 325708793)""}, ""ddl"": {""success"": true, ""duration"": 0.25, ""error"": null, ""algorithm"": ""INPLACE""}, ""dml_ops"": 1165, ""dml_errors"": 0, ""dml_breakdown"": {""INSERT"": {""ops"": 223, ""errors"": 0}, ""UPDATE"": {""ops"": 105, ""errors"": 0}, ""DELETE"": {"""
LT-SMALL-MED-IT,integer,SMALLINT,MEDIUMINT,INSTANT,,100000,0.08,1047,0,91.4,99.3,-8.6,PASS,"{""test_id"": ""LT-SMALL-MED-IT"", ""category"": ""integer"", ""old_type"": ""SMALLINT"", ""new_type"": ""MEDIUMINT"", ""algorithm"": ""INSTANT"", ""target_rows"": 100000, ""row_count"": 100000, ""checksum_pre"": {""t1"": ""('ddl_test.t_large', 2598474376)"", ""t2"": ""('ddl_test.t_large_oracle', 1016848830)""}, ""ddl"": {""success"": true, ""duration"": 0.08, ""error"": null, ""algorithm"": ""INSTANT""}, ""dml_ops"": 1047, ""dml_errors"": 0, ""dml_breakdown"": {""INSERT"": {""ops"": 261, ""errors"": 0}, ""UPDATE"": {""ops"": 106, ""errors"": 0}, ""DELETE"": {"
LT-SMALL-INT-IT,integer,SMALLINT,INT,INSTANT,,100000,0.05,1047,0,89.2,97.9,-9.8,PASS,"{""test_id"": ""LT-SMALL-INT-IT"", ""category"": ""integer"", ""old_type"": ""SMALLINT"", ""new_type"": ""INT"", ""algorithm"": ""INSTANT"", ""target_rows"": 100000, ""row_count"": 100000, ""checksum_pre"": {""t1"": ""('ddl_test.t_large', 2598474376)"", ""t2"": ""('ddl_test.t_large_oracle', 4073927057)""}, ""ddl"": {""success"": true, ""duration"": 0.05, ""error"": null, ""algorithm"": ""INSTANT""}, ""dml_ops"": 1047, ""dml_errors"": 0, ""dml_breakdown"": {""INSERT"": {""ops"": 268, ""errors"": 0}, ""UPDATE"": {""ops"": 105, ""errors"": 0}, ""DELETE"": {""ops"":"
LT-SMALL-BIG-IT,integer,SMALLINT,BIGINT,INSTANT,,100000,0.06,1001,0,90.8,93.7,-3.2,PASS,"{""test_id"": ""LT-SMALL-BIG-IT"", ""category"": ""integer"", ""old_type"": ""SMALLINT"", ""new_type"": ""BIGINT"", ""algorithm"": ""INSTANT"", ""target_rows"": 100000, ""row_count"": 100000, ""checksum_pre"": {""t1"": ""('ddl_test.t_large', 2598474376)"", ""t2"": ""('ddl_test.t_large_oracle', 1443030398)""}, ""ddl"": {""success"": true, ""duration"": 0.06, ""error"": null, ""algorithm"": ""INSTANT""}, ""dml_ops"": 1001, ""dml_errors"": 0, ""dml_breakdown"": {""INSERT"": {""ops"": 231, ""errors"": 0}, ""UPDATE"": {""ops"": 105, ""errors"": 0}, ""DELETE"": {""op"
LT-MED-INT-IP,integer,MEDIUMINT,INT,INPLACE,,100000,0.25,1134,0,96.8,100.0,-3.3,PASS,"{""test_id"": ""LT-MED-INT-IP"", ""category"": ""integer"", ""old_type"": ""MEDIUMINT"", ""new_type"": ""INT"", ""algorithm"": ""INPLACE"", ""target_rows"": 100000, ""row_count"": 100000, ""checksum_pre"": {""t1"": ""('ddl_test.t_large', 1481041253)"", ""t2"": ""('ddl_test.t_large_oracle', 2343535354)""}, ""ddl"": {""success"": true, ""duration"": 0.25, ""error"": null, ""algorithm"": ""INPLACE""}, ""dml_ops"": 1134, ""dml_errors"": 0, ""dml_breakdown"": {""INSERT"": {""ops"": 244, ""errors"": 0}, ""UPDATE"": {""ops"": 109, ""errors"": 0}, ""DELETE"": {""ops"": "
LT-MED-INT-IT,integer,MEDIUMINT,INT,INSTANT,,100000,0.05,1030,0,90.2,97.6,-8.2,PASS,"{""test_id"": ""LT-MED-INT-IT"", ""category"": ""integer"", ""old_type"": ""MEDIUMINT"", ""new_type"": ""INT"", ""algorithm"": ""INSTANT"", ""target_rows"": 100000, ""row_count"": 100000, ""checksum_pre"": {""t1"": ""('ddl_test.t_large', 129486524)"", ""t2"": ""('ddl_test.t_large_oracle', 3512313626)""}, ""ddl"": {""success"": true, ""duration"": 0.05, ""error"": null, ""algorithm"": ""INSTANT""}, ""dml_ops"": 1030, ""dml_errors"": 0, ""dml_breakdown"": {""INSERT"": {""ops"": 219, ""errors"": 0}, ""UPDATE"": {""ops"": 107, ""errors"": 0}, ""DELETE"": {""ops"": 1"
LT-MED-BIG-IT,integer,MEDIUMINT,BIGINT,INSTANT,,100000,0.07,1011,0,92.0,91.5,0.5,PASS,"{""test_id"": ""LT-MED-BIG-IT"", ""category"": ""integer"", ""old_type"": ""MEDIUMINT"", ""new_type"": ""BIGINT"", ""algorithm"": ""INSTANT"", ""target_rows"": 100000, ""row_count"": 100000, ""checksum_pre"": {""t1"": ""('ddl_test.t_large', 129486524)"", ""t2"": ""('ddl_test.t_large_oracle', 1905506568)""}, ""ddl"": {""success"": true, ""duration"": 0.07, ""error"": null, ""algorithm"": ""INSTANT""}, ""dml_ops"": 1011, ""dml_errors"": 0, ""dml_breakdown"": {""INSERT"": {""ops"": 247, ""errors"": 0}, ""UPDATE"": {""ops"": 99, ""errors"": 0}, ""DELETE"": {""ops"":"
LT-INTU-BIGINTU-IP,integer,INT UNSIGNED,BIGINT UNSIGNED,INPLACE,,100000,0.27,1218,0,104.5,110.8,-6.0,PASS,"{""test_id"": ""LT-INTU-BIGINTU-IP"", ""category"": ""integer"", ""old_type"": ""INT UNSIGNED"", ""new_type"": ""BIGINT UNSIGNED"", ""algorithm"": ""INPLACE"", ""target_rows"": 100000, ""row_count"": 100000, ""checksum_pre"": {""t1"": ""('ddl_test.t_large', 36161112)"", ""t2"": ""('ddl_test.t_large_oracle', 3357703690)""}, ""ddl"": {""success"": true, ""duration"": 0.27, ""error"": null, ""algorithm"": ""INPLACE""}, ""dml_ops"": 1218, ""dml_errors"": 0, ""dml_breakdown"": {""INSERT"": {""ops"": 254, ""errors"": 0}, ""UPDATE"": {""ops"": 108, ""errors"": 0}, "
LT-INTU-BIGINTU-IT,integer,INT UNSIGNED,BIGINT UNSIGNED,INSTANT,,100000,0.05,1001,0,87.5,88.5,-1.1,PASS,"{""test_id"": ""LT-INTU-BIGINTU-IT"", ""category"": ""integer"", ""old_type"": ""INT UNSIGNED"", ""new_type"": ""BIGINT UNSIGNED"", ""algorithm"": ""INSTANT"", ""target_rows"": 100000, ""row_count"": 100000, ""checksum_pre"": {""t1"": ""('ddl_test.t_large', 3740333962)"", ""t2"": ""('ddl_test.t_large_oracle', 2706609863)""}, ""ddl"": {""success"": true, ""duration"": 0.05, ""error"": null, ""algorithm"": ""INSTANT""}, ""dml_ops"": 1001, ""dml_errors"": 0, ""dml_breakdown"": {""INSERT"": {""ops"": 212, ""errors"": 0}, ""UPDATE"": {""ops"": 110, ""errors"": 0}"
LT-TINYU-SMALLU-IT,integer,TINYINT UNSIGNED,SMALLINT UNSIGNED,INSTANT,,100000,0.05,1024,0,88.1,92.1,-4.5,PASS,"{""test_id"": ""LT-TINYU-SMALLU-IT"", ""category"": ""integer"", ""old_type"": ""TINYINT UNSIGNED"", ""new_type"": ""SMALLINT UNSIGNED"", ""algorithm"": ""INSTANT"", ""target_rows"": 100000, ""row_count"": 100000, ""checksum_pre"": {""t1"": ""('ddl_test.t_large', 3664943792)"", ""t2"": ""('ddl_test.t_large_oracle', 2944302751)""}, ""ddl"": {""success"": true, ""duration"": 0.05, ""error"": null, ""algorithm"": ""INSTANT""}, ""dml_ops"": 1024, ""dml_errors"": 0, ""dml_breakdown"": {""INSERT"": {""ops"": 239, ""errors"": 0}, ""UPDATE"": {""ops"": 104, ""error"
LT-TINYU-INTU-IT,integer,TINYINT UNSIGNED,INT UNSIGNED,INSTANT,,100000,0.05,1045,0,91.6,99.8,-9.0,PASS,"{""test_id"": ""LT-TINYU-INTU-IT"", ""category"": ""integer"", ""old_type"": ""TINYINT UNSIGNED"", ""new_type"": ""INT UNSIGNED"", ""algorithm"": ""INSTANT"", ""target_rows"": 100000, ""row_count"": 100000, ""checksum_pre"": {""t1"": ""('ddl_test.t_large', 3664943792)"", ""t2"": ""('ddl_test.t_large_oracle', 2922563209)""}, ""ddl"": {""success"": true, ""duration"": 0.05, ""error"": null, ""algorithm"": ""INSTANT""}, ""dml_ops"": 1045, ""dml_errors"": 0, ""dml_breakdown"": {""INSERT"": {""ops"": 223, ""errors"": 0}, ""UPDATE"": {""ops"": 106, ""errors"": 0},"
LT-SMALLU-MEDU-IT,integer,SMALLINT UNSIGNED,MEDIUMINT UNSIGNED,INSTANT,,100000,0.05,1072,0,97.3,98.9,-1.6,PASS,"{""test_id"": ""LT-SMALLU-MEDU-IT"", ""category"": ""integer"", ""old_type"": ""SMALLINT UNSIGNED"", ""new_type"": ""MEDIUMINT UNSIGNED"", ""algorithm"": ""INSTANT"", ""target_rows"": 100000, ""row_count"": 100000, ""checksum_pre"": {""t1"": ""('ddl_test.t_large', 2869832943)"", ""t2"": ""('ddl_test.t_large_oracle', 3283470459)""}, ""ddl"": {""success"": true, ""duration"": 0.05, ""error"": null, ""algorithm"": ""INSTANT""}, ""dml_ops"": 1072, ""dml_errors"": 0, ""dml_breakdown"": {""INSERT"": {""ops"": 236, ""errors"": 0}, ""UPDATE"": {""ops"": 107, ""erro"
LT-MEDU-INTU-IT,integer,MEDIUMINT UNSIGNED,INT UNSIGNED,INSTANT,,100000,0.07,1011,0,91.0,94.2,-3.5,PASS,"{""test_id"": ""LT-MEDU-INTU-IT"", ""category"": ""integer"", ""old_type"": ""MEDIUMINT UNSIGNED"", ""new_type"": ""INT UNSIGNED"", ""algorithm"": ""INSTANT"", ""target_rows"": 100000, ""row_count"": 100000, ""checksum_pre"": {""t1"": ""('ddl_test.t_large', 773538921)"", ""t2"": ""('ddl_test.t_large_oracle', 1612489134)""}, ""ddl"": {""success"": true, ""duration"": 0.07, ""error"": null, ""algorithm"": ""INSTANT""}, ""dml_ops"": 1011, ""dml_errors"": 0, ""dml_breakdown"": {""INSERT"": {""ops"": 202, ""errors"": 0}, ""UPDATE"": {""ops"": 104, ""errors"": 0},"
LT-CHAR1-2-IP,char,CHAR(1),CHAR(2),INPLACE,,100000,0.29,1140,72,99.8,105.0,-5.2,PASS,"{""test_id"": ""LT-CHAR1-2-IP"", ""category"": ""char"", ""old_type"": ""CHAR(1)"", ""new_type"": ""CHAR(2)"", ""algorithm"": ""INPLACE"", ""target_rows"": 100000, ""row_count"": 100000, ""checksum_pre"": {""t1"": ""('ddl_test.t_large', 1906528214)"", ""t2"": ""('ddl_test.t_large_oracle', 44878429)""}, ""ddl"": {""success"": true, ""duration"": 0.29, ""error"": null, ""algorithm"": ""INPLACE""}, ""dml_ops"": 1140, ""dml_errors"": 72, ""dml_breakdown"": {""INSERT"": {""ops"": 258, ""errors"": 37}, ""UPDATE"": {""ops"": 103, ""errors"": 8}, ""DELETE"": {""ops"": 1"
LT-CHAR1-2-IT,char,CHAR(1),CHAR(2),INSTANT,,100000,0.05,981,57,82.8,97.7,-18.0,PASS,"{""test_id"": ""LT-CHAR1-2-IT"", ""category"": ""char"", ""old_type"": ""CHAR(1)"", ""new_type"": ""CHAR(2)"", ""algorithm"": ""INSTANT"", ""target_rows"": 100000, ""row_count"": 100000, ""checksum_pre"": {""t1"": ""('ddl_test.t_large', 1541476174)"", ""t2"": ""('ddl_test.t_large_oracle', 1126297773)""}, ""ddl"": {""success"": true, ""duration"": 0.05, ""error"": null, ""algorithm"": ""INSTANT""}, ""dml_ops"": 981, ""dml_errors"": 57, ""dml_breakdown"": {""INSERT"": {""ops"": 229, ""errors"": 31}, ""UPDATE"": {""ops"": 95, ""errors"": 11}, ""DELETE"": {""ops"": "
LT-CHAR63-64-IT,char,CHAR(63),CHAR(64),INSTANT,,100000,0.06,974,0,88.4,90.8,-2.7,PASS,"{""test_id"": ""LT-CHAR63-64-IT"", ""category"": ""char"", ""old_type"": ""CHAR(63)"", ""new_type"": ""CHAR(64)"", ""algorithm"": ""INSTANT"", ""target_rows"": 100000, ""row_count"": 100000, ""checksum_pre"": {""t1"": ""('ddl_test.t_large', 310536028)"", ""t2"": ""('ddl_test.t_large_oracle', 2486184187)""}, ""ddl"": {""success"": true, ""duration"": 0.06, ""error"": null, ""algorithm"": ""INSTANT""}, ""dml_ops"": 974, ""dml_errors"": 0, ""dml_breakdown"": {""INSERT"": {""ops"": 253, ""errors"": 0}, ""UPDATE"": {""ops"": 94, ""errors"": 0}, ""DELETE"": {""ops"": "
LT-CHAR63-64-IP,char,CHAR(63),CHAR(64),INPLACE,,100000,0.87,1136,0,91.3,98.1,-7.4,PASS,"{""test_id"": ""LT-CHAR63-64-IP"", ""category"": ""char"", ""old_type"": ""CHAR(63)"", ""new_type"": ""CHAR(64)"", ""algorithm"": ""INPLACE"", ""target_rows"": 100000, ""row_count"": 100000, ""checksum_pre"": {""t1"": ""('ddl_test.t_large', 3488986970)"", ""t2"": ""('ddl_test.t_large_oracle', 2411810625)""}, ""ddl"": {""success"": true, ""duration"": 0.87, ""error"": null, ""algorithm"": ""INPLACE""}, ""dml_ops"": 1136, ""dml_errors"": 0, ""dml_breakdown"": {""INSERT"": {""ops"": 230, ""errors"": 0}, ""UPDATE"": {""ops"": 101, ""errors"": 0}, ""DELETE"": {""ops"
LT-CHAR254-255-IP,char,CHAR(254),CHAR(255),INPLACE,,100000,3.51,1406,0,97.2,83.4,14.2,PASS,"{""test_id"": ""LT-CHAR254-255-IP"", ""category"": ""char"", ""old_type"": ""CHAR(254)"", ""new_type"": ""CHAR(255)"", ""algorithm"": ""INPLACE"", ""target_rows"": 100000, ""row_count"": 100000, ""checksum_pre"": {""t1"": ""('ddl_test.t_large', 3542520711)"", ""t2"": ""('ddl_test.t_large_oracle', 1418371094)""}, ""ddl"": {""success"": true, ""duration"": 3.51, ""error"": null, ""algorithm"": ""INPLACE""}, ""dml_ops"": 1406, ""dml_errors"": 0, ""dml_breakdown"": {""INSERT"": {""ops"": 314, ""errors"": 0}, ""UPDATE"": {""ops"": 122, ""errors"": 0}, ""DELETE"": {"
LT-CHAR254-255-IT,char,CHAR(254),CHAR(255),INSTANT,,100000,0.06,910,0,80.6,89.2,-10.7,PASS,"{""test_id"": ""LT-CHAR254-255-IT"", ""category"": ""char"", ""old_type"": ""CHAR(254)"", ""new_type"": ""CHAR(255)"", ""algorithm"": ""INSTANT"", ""target_rows"": 100000, ""row_count"": 100000, ""checksum_pre"": {""t1"": ""('ddl_test.t_large', 208336205)"", ""t2"": ""('ddl_test.t_large_oracle', 3204405692)""}, ""ddl"": {""success"": true, ""duration"": 0.06, ""error"": null, ""algorithm"": ""INSTANT""}, ""dml_ops"": 910, ""dml_errors"": 0, ""dml_breakdown"": {""INSERT"": {""ops"": 211, ""errors"": 0}, ""UPDATE"": {""ops"": 93, ""errors"": 0}, ""DELETE"": {""op"
LT-VAR1-2-IP,varchar,VARCHAR(1),VARCHAR(2),INPLACE,,100000,0.04,1024,61,95.0,101.9,-7.3,PASS,"{""test_id"": ""LT-VAR1-2-IP"", ""category"": ""varchar"", ""old_type"": ""VARCHAR(1)"", ""new_type"": ""VARCHAR(2)"", ""algorithm"": ""INPLACE"", ""target_rows"": 100000, ""row_count"": 100000, ""checksum_pre"": {""t1"": ""('ddl_test.t_large', 1594066370)"", ""t2"": ""('ddl_test.t_large_oracle', 1594066370)""}, ""ddl"": {""success"": true, ""duration"": 0.04, ""error"": null, ""algorithm"": ""INPLACE""}, ""dml_ops"": 1024, ""dml_errors"": 61, ""dml_breakdown"": {""INSERT"": {""ops"": 225, ""errors"": 31}, ""UPDATE"": {""ops"": 96, ""errors"": 10}, ""DELETE"":"
LT-VAR1-2-IT,varchar,VARCHAR(1),VARCHAR(2),INSTANT,,100000,0.04,999,51,92.8,93.5,-0.8,PASS,"{""test_id"": ""LT-VAR1-2-IT"", ""category"": ""varchar"", ""old_type"": ""VARCHAR(1)"", ""new_type"": ""VARCHAR(2)"", ""algorithm"": ""INSTANT"", ""target_rows"": 100000, ""row_count"": 100000, ""checksum_pre"": {""t1"": ""('ddl_test.t_large', 31935342)"", ""t2"": ""('ddl_test.t_large_oracle', 31935342)""}, ""ddl"": {""success"": true, ""duration"": 0.04, ""error"": null, ""algorithm"": ""INSTANT""}, ""dml_ops"": 999, ""dml_errors"": 51, ""dml_breakdown"": {""INSERT"": {""ops"": 237, ""errors"": 26}, ""UPDATE"": {""ops"": 99, ""errors"": 7}, ""DELETE"": {""ops"
LT-VAR254-255-IP,varchar,VARCHAR(254),VARCHAR(255),INPLACE,,100000,0.04,1118,0,100.3,0,100.0,PASS,"{""test_id"": ""LT-VAR254-255-IP"", ""category"": ""varchar"", ""old_type"": ""VARCHAR(254)"", ""new_type"": ""VARCHAR(255)"", ""algorithm"": ""INPLACE"", ""target_rows"": 100000, ""row_count"": 100000, ""checksum_pre"": {""t1"": ""('ddl_test.t_large', 670603993)"", ""t2"": ""('ddl_test.t_large_oracle', 670603993)""}, ""ddl"": {""success"": true, ""duration"": 0.04, ""error"": null, ""algorithm"": ""INPLACE""}, ""dml_ops"": 1118, ""dml_errors"": 0, ""dml_breakdown"": {""INSERT"": {""ops"": 258, ""errors"": 0}, ""UPDATE"": {""ops"": 107, ""errors"": 0}, ""DELE"
LT-VAR254-255-IT,varchar,VARCHAR(254),VARCHAR(255),INSTANT,,100000,0.04,1029,0,86.3,96.1,-11.4,PASS,"{""test_id"": ""LT-VAR254-255-IT"", ""category"": ""varchar"", ""old_type"": ""VARCHAR(254)"", ""new_type"": ""VARCHAR(255)"", ""algorithm"": ""INSTANT"", ""target_rows"": 100000, ""row_count"": 100000, ""checksum_pre"": {""t1"": ""('ddl_test.t_large', 936256736)"", ""t2"": ""('ddl_test.t_large_oracle', 936256736)""}, ""ddl"": {""success"": true, ""duration"": 0.04, ""error"": null, ""algorithm"": ""INSTANT""}, ""dml_ops"": 1029, ""dml_errors"": 0, ""dml_breakdown"": {""INSERT"": {""ops"": 240, ""errors"": 0}, ""UPDATE"": {""ops"": 106, ""errors"": 0}, ""DELE"
LT-VAR255-256-IP,varchar,VARCHAR(255),VARCHAR(256),INPLACE,,100000,0.24,1190,0,99.8,99.9,-0.1,PASS,"{""test_id"": ""LT-VAR255-256-IP"", ""category"": ""varchar"", ""old_type"": ""VARCHAR(255)"", ""new_type"": ""VARCHAR(256)"", ""algorithm"": ""INPLACE"", ""target_rows"": 100000, ""row_count"": 100000, ""checksum_pre"": {""t1"": ""('ddl_test.t_large', 670603993)"", ""t2"": ""('ddl_test.t_large_oracle', 670603993)""}, ""ddl"": {""success"": true, ""duration"": 0.24, ""error"": null, ""algorithm"": ""INPLACE""}, ""dml_ops"": 1190, ""dml_errors"": 0, ""dml_breakdown"": {""INSERT"": {""ops"": 231, ""errors"": 0}, ""UPDATE"": {""ops"": 110, ""errors"": 0}, ""DELE"
LT-VAR255-256-IT,varchar,VARCHAR(255),VARCHAR(256),INSTANT,,100000,0.05,1031,0,87.6,95.2,-8.7,PASS,"{""test_id"": ""LT-VAR255-256-IT"", ""category"": ""varchar"", ""old_type"": ""VARCHAR(255)"", ""new_type"": ""VARCHAR(256)"", ""algorithm"": ""INSTANT"", ""target_rows"": 100000, ""row_count"": 100000, ""checksum_pre"": {""t1"": ""('ddl_test.t_large', 936256736)"", ""t2"": ""('ddl_test.t_large_oracle', 936256736)""}, ""ddl"": {""success"": true, ""duration"": 0.05, ""error"": null, ""algorithm"": ""INSTANT""}, ""dml_ops"": 1031, ""dml_errors"": 0, ""dml_breakdown"": {""INSERT"": {""ops"": 247, ""errors"": 0}, ""UPDATE"": {""ops"": 108, ""errors"": 0}, ""DELE"
LT-VAR85-86U3-IP,varchar,VARCHAR(85),VARCHAR(86),INPLACE,,100000,0.24,1105,0,93.8,95.7,-2.0,PASS,"{""test_id"": ""LT-VAR85-86U3-IP"", ""category"": ""varchar"", ""old_type"": ""VARCHAR(85)"", ""new_type"": ""VARCHAR(86)"", ""algorithm"": ""INPLACE"", ""target_rows"": 100000, ""row_count"": 100000, ""checksum_pre"": {""t1"": ""('ddl_test.t_large', 670603993)"", ""t2"": ""('ddl_test.t_large_oracle', 670603993)""}, ""ddl"": {""success"": true, ""duration"": 0.24, ""error"": null, ""algorithm"": ""INPLACE""}, ""dml_ops"": 1105, ""dml_errors"": 0, ""dml_breakdown"": {""INSERT"": {""ops"": 255, ""errors"": 0}, ""UPDATE"": {""ops"": 107, ""errors"": 0}, ""DELETE"
LT-VAR85-86U3-IT,varchar,VARCHAR(85),VARCHAR(86),INSTANT,,100000,0.08,1012,0,87.7,95.0,-8.3,PASS,"{""test_id"": ""LT-VAR85-86U3-IT"", ""category"": ""varchar"", ""old_type"": ""VARCHAR(85)"", ""new_type"": ""VARCHAR(86)"", ""algorithm"": ""INSTANT"", ""target_rows"": 100000, ""row_count"": 100000, ""checksum_pre"": {""t1"": ""('ddl_test.t_large', 936256736)"", ""t2"": ""('ddl_test.t_large_oracle', 936256736)""}, ""ddl"": {""success"": true, ""duration"": 0.08, ""error"": null, ""algorithm"": ""INSTANT""}, ""dml_ops"": 1012, ""dml_errors"": 0, ""dml_breakdown"": {""INSERT"": {""ops"": 220, ""errors"": 0}, ""UPDATE"": {""ops"": 100, ""errors"": 0}, ""DELETE"
LT-VAR63-64U4-IP,varchar,VARCHAR(63),VARCHAR(64),INPLACE,,100000,0.33,1130,0,95.7,97.1,-1.5,PASS,"{""test_id"": ""LT-VAR63-64U4-IP"", ""category"": ""varchar"", ""old_type"": ""VARCHAR(63)"", ""new_type"": ""VARCHAR(64)"", ""algorithm"": ""INPLACE"", ""target_rows"": 100000, ""row_count"": 100000, ""checksum_pre"": {""t1"": ""('ddl_test.t_large', 1949725356)"", ""t2"": ""('ddl_test.t_large_oracle', 1949725356)""}, ""ddl"": {""success"": true, ""duration"": 0.33, ""error"": null, ""algorithm"": ""INPLACE""}, ""dml_ops"": 1130, ""dml_errors"": 0, ""dml_breakdown"": {""INSERT"": {""ops"": 236, ""errors"": 0}, ""UPDATE"": {""ops"": 108, ""errors"": 0}, ""DELE"
LT-VAR63-64U4-IT,varchar,VARCHAR(63),VARCHAR(64),INSTANT,,100000,0.06,1025,0,88.8,92.8,-4.5,PASS,"{""test_id"": ""LT-VAR63-64U4-IT"", ""category"": ""varchar"", ""old_type"": ""VARCHAR(63)"", ""new_type"": ""VARCHAR(64)"", ""algorithm"": ""INSTANT"", ""target_rows"": 100000, ""row_count"": 100000, ""checksum_pre"": {""t1"": ""('ddl_test.t_large', 936256736)"", ""t2"": ""('ddl_test.t_large_oracle', 936256736)""}, ""ddl"": {""success"": true, ""duration"": 0.06, ""error"": null, ""algorithm"": ""INSTANT""}, ""dml_ops"": 1025, ""dml_errors"": 0, ""dml_breakdown"": {""INSERT"": {""ops"": 266, ""errors"": 0}, ""UPDATE"": {""ops"": 106, ""errors"": 0}, ""DELETE"
LT-VAR100-200-IP,varchar,VARCHAR(100),VARCHAR(200),INPLACE,,100000,0.08,1130,0,100.2,109.3,-9.1,PASS,"{""test_id"": ""LT-VAR100-200-IP"", ""category"": ""varchar"", ""old_type"": ""VARCHAR(100)"", ""new_type"": ""VARCHAR(200)"", ""algorithm"": ""INPLACE"", ""target_rows"": 100000, ""row_count"": 100000, ""checksum_pre"": {""t1"": ""('ddl_test.t_large', 1949725356)"", ""t2"": ""('ddl_test.t_large_oracle', 1949725356)""}, ""ddl"": {""success"": true, ""duration"": 0.08, ""error"": null, ""algorithm"": ""INPLACE""}, ""dml_ops"": 1130, ""dml_errors"": 0, ""dml_breakdown"": {""INSERT"": {""ops"": 269, ""errors"": 0}, ""UPDATE"": {""ops"": 103, ""errors"": 0}, ""DE"
LT-VAR100-200-IT,varchar,VARCHAR(100),VARCHAR(200),INSTANT,,100000,0.05,1047,0,89.5,93.7,-4.7,PASS,"{""test_id"": ""LT-VAR100-200-IT"", ""category"": ""varchar"", ""old_type"": ""VARCHAR(100)"", ""new_type"": ""VARCHAR(200)"", ""algorithm"": ""INSTANT"", ""target_rows"": 100000, ""row_count"": 100000, ""checksum_pre"": {""t1"": ""('ddl_test.t_large', 936256736)"", ""t2"": ""('ddl_test.t_large_oracle', 936256736)""}, ""ddl"": {""success"": true, ""duration"": 0.05, ""error"": null, ""algorithm"": ""INSTANT""}, ""dml_ops"": 1047, ""dml_errors"": 0, ""dml_breakdown"": {""INSERT"": {""ops"": 234, ""errors"": 0}, ""UPDATE"": {""ops"": 107, ""errors"": 0}, ""DELE"
LT-BIN10-20-IP,binary,BINARY(10),BINARY(20),INPLACE,,100000,0.3,1193,0,99.3,107.8,-8.6,PASS,"{""test_id"": ""LT-BIN10-20-IP"", ""category"": ""binary"", ""old_type"": ""BINARY(10)"", ""new_type"": ""BINARY(20)"", ""algorithm"": ""INPLACE"", ""target_rows"": 100000, ""row_count"": 100000, ""checksum_pre"": {""t1"": ""('ddl_test.t_large', 3301159962)"", ""t2"": ""('ddl_test.t_large_oracle', 1678466407)""}, ""ddl"": {""success"": true, ""duration"": 0.3, ""error"": null, ""algorithm"": ""INPLACE""}, ""dml_ops"": 1193, ""dml_errors"": 0, ""dml_breakdown"": {""INSERT"": {""ops"": 258, ""errors"": 0}, ""UPDATE"": {""ops"": 110, ""errors"": 0}, ""DELETE"": {"
LT-BIN10-20-IT,binary,BINARY(10),BINARY(20),INSTANT,,100000,0.07,1018,0,88.4,93.8,-6.1,PASS,"{""test_id"": ""LT-BIN10-20-IT"", ""category"": ""binary"", ""old_type"": ""BINARY(10)"", ""new_type"": ""BINARY(20)"", ""algorithm"": ""INSTANT"", ""target_rows"": 100000, ""row_count"": 100000, ""checksum_pre"": {""t1"": ""('ddl_test.t_large', 2511984840)"", ""t2"": ""('ddl_test.t_large_oracle', 3050552753)""}, ""ddl"": {""success"": true, ""duration"": 0.07, ""error"": null, ""algorithm"": ""INSTANT""}, ""dml_ops"": 1018, ""dml_errors"": 0, ""dml_breakdown"": {""INSERT"": {""ops"": 245, ""errors"": 0}, ""UPDATE"": {""ops"": 104, ""errors"": 0}, ""DELETE"": "
LT-BIN40-80-IP,binary,BINARY(40),BINARY(80),INPLACE,,100000,0.45,1213,0,98.3,105.3,-7.1,PASS,"{""test_id"": ""LT-BIN40-80-IP"", ""category"": ""binary"", ""old_type"": ""BINARY(40)"", ""new_type"": ""BINARY(80)"", ""algorithm"": ""INPLACE"", ""target_rows"": 100000, ""row_count"": 100000, ""checksum_pre"": {""t1"": ""('ddl_test.t_large', 3899345809)"", ""t2"": ""('ddl_test.t_large_oracle', 1676514588)""}, ""ddl"": {""success"": true, ""duration"": 0.45, ""error"": null, ""algorithm"": ""INPLACE""}, ""dml_ops"": 1213, ""dml_errors"": 0, ""dml_breakdown"": {""INSERT"": {""ops"": 241, ""errors"": 0}, ""UPDATE"": {""ops"": 108, ""errors"": 0}, ""DELETE"": "
LT-VBIN20-40-IP,varbinary,VARBINARY(20),VARBINARY(40),INPLACE,,100000,0.05,1133,0,98.3,101.0,-2.7,PASS,"{""test_id"": ""LT-VBIN20-40-IP"", ""category"": ""varbinary"", ""old_type"": ""VARBINARY(20)"", ""new_type"": ""VARBINARY(40)"", ""algorithm"": ""INPLACE"", ""target_rows"": 100000, ""row_count"": 100000, ""checksum_pre"": {""t1"": ""('ddl_test.t_large', 1778005577)"", ""t2"": ""('ddl_test.t_large_oracle', 1778005577)""}, ""ddl"": {""success"": true, ""duration"": 0.05, ""error"": null, ""algorithm"": ""INPLACE""}, ""dml_ops"": 1133, ""dml_errors"": 0, ""dml_breakdown"": {""INSERT"": {""ops"": 268, ""errors"": 0}, ""UPDATE"": {""ops"": 106, ""errors"": 0}, "
LT-VBIN20-40-IT,varbinary,VARBINARY(20),VARBINARY(40),INSTANT,,100000,0.05,1034,0,92.8,76.2,17.9,PASS,"{""test_id"": ""LT-VBIN20-40-IT"", ""category"": ""varbinary"", ""old_type"": ""VARBINARY(20)"", ""new_type"": ""VARBINARY(40)"", ""algorithm"": ""INSTANT"", ""target_rows"": 100000, ""row_count"": 100000, ""checksum_pre"": {""t1"": ""('ddl_test.t_large', 2860400797)"", ""t2"": ""('ddl_test.t_large_oracle', 2860400797)""}, ""ddl"": {""success"": true, ""duration"": 0.05, ""error"": null, ""algorithm"": ""INSTANT""}, ""dml_ops"": 1034, ""dml_errors"": 0, ""dml_breakdown"": {""INSERT"": {""ops"": 235, ""errors"": 0}, ""UPDATE"": {""ops"": 103, ""errors"": 0}, "
LT-VBIN100-200-IP,varbinary,VARBINARY(100),VARBINARY(200),INPLACE,,100000,0.07,1089,0,96.2,106.0,-10.2,PASS,"{""test_id"": ""LT-VBIN100-200-IP"", ""category"": ""varbinary"", ""old_type"": ""VARBINARY(100)"", ""new_type"": ""VARBINARY(200)"", ""algorithm"": ""INPLACE"", ""target_rows"": 100000, ""row_count"": 100000, ""checksum_pre"": {""t1"": ""('ddl_test.t_large', 384097387)"", ""t2"": ""('ddl_test.t_large_oracle', 384097387)""}, ""ddl"": {""success"": true, ""duration"": 0.07, ""error"": null, ""algorithm"": ""INPLACE""}, ""dml_ops"": 1089, ""dml_errors"": 0, ""dml_breakdown"": {""INSERT"": {""ops"": 236, ""errors"": 0}, ""UPDATE"": {""ops"": 106, ""errors"": 0}"
LT-DEC10-12-IP,decimal,"DECIMAL(10,2)","DECIMAL(12,2)",INPLACE,,100000,0.04,1099,99,100.7,107.5,-6.8,PASS,"{""test_id"": ""LT-DEC10-12-IP"", ""category"": ""decimal"", ""old_type"": ""DECIMAL(10,2)"", ""new_type"": ""DECIMAL(12,2)"", ""algorithm"": ""INPLACE"", ""target_rows"": 100000, ""row_count"": 100000, ""checksum_pre"": {""t1"": ""('ddl_test.t_large', 3961006806)"", ""t2"": ""('ddl_test.t_large_oracle', 1830970871)""}, ""ddl"": {""success"": false, ""duration"": 0.04, ""error"": ""(1846, 'ALGORITHM=INPLACE is not supported. Reason: Cannot change column type INPLACE. Try ALGORITHM=COPY.')"", ""algorithm"": ""INPLACE""}, ""dml_ops"": 1099, ""dml_"
LT-DEC10-12-IT,decimal,"DECIMAL(10,2)","DECIMAL(12,2)",INSTANT,,100000,0.05,979,83,87.8,92.8,-5.7,PASS,"{""test_id"": ""LT-DEC10-12-IT"", ""category"": ""decimal"", ""old_type"": ""DECIMAL(10,2)"", ""new_type"": ""DECIMAL(12,2)"", ""algorithm"": ""INSTANT"", ""target_rows"": 100000, ""row_count"": 100000, ""checksum_pre"": {""t1"": ""('ddl_test.t_large', 2582922382)"", ""t2"": ""('ddl_test.t_large_oracle', 1064545741)""}, ""ddl"": {""success"": false, ""duration"": 0.05, ""error"": ""(1846, 'ALGORITHM=INSTANT is not supported. Reason: Need to rebuild the table to change column type. Try ALGORITHM=COPY/INPLACE.')"", ""algorithm"": ""INSTANT""}, "
LT-DEC18-20-IP,decimal,"DECIMAL(18,0)","DECIMAL(20,0)",INPLACE,,100000,0.04,1106,89,98.5,109.9,-11.6,PASS,"{""test_id"": ""LT-DEC18-20-IP"", ""category"": ""decimal"", ""old_type"": ""DECIMAL(18,0)"", ""new_type"": ""DECIMAL(20,0)"", ""algorithm"": ""INPLACE"", ""target_rows"": 100000, ""row_count"": 100000, ""checksum_pre"": {""t1"": ""('ddl_test.t_large', 264726542)"", ""t2"": ""('ddl_test.t_large_oracle', 967736906)""}, ""ddl"": {""success"": false, ""duration"": 0.04, ""error"": ""(1846, 'ALGORITHM=INPLACE is not supported. Reason: Cannot change column type INPLACE. Try ALGORITHM=COPY.')"", ""algorithm"": ""INPLACE""}, ""dml_ops"": 1106, ""dml_er"
LT-DEC1-2-IT,decimal,"DECIMAL(1,0)","DECIMAL(2,0)",INSTANT,,100000,0.05,975,66,86.4,95.0,-10.0,PASS,"{""test_id"": ""LT-DEC1-2-IT"", ""category"": ""decimal"", ""old_type"": ""DECIMAL(1,0)"", ""new_type"": ""DECIMAL(2,0)"", ""algorithm"": ""INSTANT"", ""target_rows"": 100000, ""row_count"": 100000, ""checksum_pre"": {""t1"": ""('ddl_test.t_large', 1507218005)"", ""t2"": ""('ddl_test.t_large_oracle', 1507218005)""}, ""ddl"": {""success"": false, ""duration"": 0.05, ""error"": ""(1846, 'ALGORITHM=INSTANT is not supported. Reason: Need to rebuild the table to change column type. Try ALGORITHM=COPY/INPLACE.')"", ""algorithm"": ""INSTANT""}, ""dml"
LT-DEC6430-6530-IP,decimal,"DECIMAL(64,30)","DECIMAL(65,30)",INPLACE,,0,0.04,1023,85,93.8,94.3,-0.5,PASS,"{""test_id"": ""LT-DEC6430-6530-IP"", ""category"": ""decimal"", ""old_type"": ""DECIMAL(64,30)"", ""new_type"": ""DECIMAL(65,30)"", ""algorithm"": ""INPLACE"", ""target_rows"": 100000, ""row_count"": 0, ""checksum_pre"": {""t1"": ""('ddl_test.t_large', 0)"", ""t2"": ""('ddl_test.t_large_oracle', 0)""}, ""ddl"": {""success"": false, ""duration"": 0.04, ""error"": ""(1846, 'ALGORITHM=INPLACE is not supported. Reason: Cannot change column type INPLACE. Try ALGORITHM=COPY.')"", ""algorithm"": ""INPLACE""}, ""dml_ops"": 1023, ""dml_errors"": 85, ""dml"
LT-TEXT-T-IP,text,TINYTEXT,TEXT,INPLACE,,,,,,,,,,"{""test_id"": ""LT-TEXT-T-IP"", ""category"": ""text"", ""old_type"": ""TINYTEXT"", ""new_type"": ""TEXT"", ""algorithm"": ""INPLACE"", ""target_rows"": 100000, ""error"": ""CREATE t1 failed: (1071, 'Specified key was too long; max key length is 255 bytes')""}"
LT-TEXT-T-IT,text,TINYTEXT,TEXT,INSTANT,,100000,0.04,873,77,76.8,84.7,-10.3,PASS,"{""test_id"": ""LT-TEXT-T-IT"", ""category"": ""text"", ""old_type"": ""TINYTEXT"", ""new_type"": ""TEXT"", ""algorithm"": ""INSTANT"", ""target_rows"": 100000, ""row_count"": 100000, ""checksum_pre"": {""t1"": ""('ddl_test.t_large', 1946709309)"", ""t2"": ""('ddl_test.t_large_oracle', 1946709309)""}, ""ddl"": {""success"": false, ""duration"": 0.04, ""error"": ""(1846, 'ALGORITHM=INSTANT is not supported. Reason: Need to rebuild the table to change column type. Try ALGORITHM=COPY/INPLACE.')"", ""algorithm"": ""INSTANT""}, ""dml_ops"": 873, ""dm"
LT-TEXT-MT-IP,text,TEXT,MEDIUMTEXT,INPLACE,,100000,0.04,913,0,77.3,85.3,-10.3,PASS,"{""test_id"": ""LT-TEXT-MT-IP"", ""category"": ""text"", ""old_type"": ""TEXT"", ""new_type"": ""MEDIUMTEXT"", ""algorithm"": ""INPLACE"", ""target_rows"": 100000, ""row_count"": 100000, ""checksum_pre"": {""t1"": ""('ddl_test.t_large', 1946709309)"", ""t2"": ""('ddl_test.t_large_oracle', 1946709309)""}, ""ddl"": {""success"": false, ""duration"": 0.04, ""error"": ""(1846, 'ALGORITHM=INPLACE is not supported. Reason: Cannot change column type INPLACE. Try ALGORITHM=COPY.')"", ""algorithm"": ""INPLACE""}, ""dml_ops"": 913, ""dml_errors"": 0, ""dml_"
LT-TEXT-MT-IT,text,TEXT,MEDIUMTEXT,INSTANT,,100000,0.04,947,0,81.2,88.3,-8.7,PASS,"{""test_id"": ""LT-TEXT-MT-IT"", ""category"": ""text"", ""old_type"": ""TEXT"", ""new_type"": ""MEDIUMTEXT"", ""algorithm"": ""INSTANT"", ""target_rows"": 100000, ""row_count"": 100000, ""checksum_pre"": {""t1"": ""('ddl_test.t_large', 1946709309)"", ""t2"": ""('ddl_test.t_large_oracle', 1946709309)""}, ""ddl"": {""success"": false, ""duration"": 0.04, ""error"": ""(1846, 'ALGORITHM=INSTANT is not supported. Reason: Need to rebuild the table to change column type. Try ALGORITHM=COPY/INPLACE.')"", ""algorithm"": ""INSTANT""}, ""dml_ops"": 947, "
LT-TEXT-ML-IP,text,MEDIUMTEXT,LONGTEXT,INPLACE,,100000,0.13,880,0,78.7,83.5,-6.1,PASS,"{""test_id"": ""LT-TEXT-ML-IP"", ""category"": ""text"", ""old_type"": ""MEDIUMTEXT"", ""new_type"": ""LONGTEXT"", ""algorithm"": ""INPLACE"", ""target_rows"": 100000, ""row_count"": 100000, ""checksum_pre"": {""t1"": ""('ddl_test.t_large', 1946709309)"", ""t2"": ""('ddl_test.t_large_oracle', 1946709309)""}, ""ddl"": {""success"": false, ""duration"": 0.13, ""error"": ""(1846, 'ALGORITHM=INPLACE is not supported. Reason: Cannot change column type INPLACE. Try ALGORITHM=COPY.')"", ""algorithm"": ""INPLACE""}, ""dml_ops"": 880, ""dml_errors"": 0, """
LT-TEXT-ML-IT,text,MEDIUMTEXT,LONGTEXT,INSTANT,,100000,0.04,911,0,81.0,81.8,-1.0,PASS,"{""test_id"": ""LT-TEXT-ML-IT"", ""category"": ""text"", ""old_type"": ""MEDIUMTEXT"", ""new_type"": ""LONGTEXT"", ""algorithm"": ""INSTANT"", ""target_rows"": 100000, ""row_count"": 100000, ""checksum_pre"": {""t1"": ""('ddl_test.t_large', 1946709309)"", ""t2"": ""('ddl_test.t_large_oracle', 1946709309)""}, ""ddl"": {""success"": false, ""duration"": 0.04, ""error"": ""(1846, 'ALGORITHM=INSTANT is not supported. Reason: Need to rebuild the table to change column type. Try ALGORITHM=COPY/INPLACE.')"", ""algorithm"": ""INSTANT""}, ""dml_ops"": 9"
LT-BLOB-B-IP,blob,TINYBLOB,BLOB,INPLACE,,100000,0.04,940,0,82.2,79.6,3.2,PASS,"{""test_id"": ""LT-BLOB-B-IP"", ""category"": ""blob"", ""old_type"": ""TINYBLOB"", ""new_type"": ""BLOB"", ""algorithm"": ""INPLACE"", ""target_rows"": 100000, ""row_count"": 100000, ""checksum_pre"": {""t1"": ""('ddl_test.t_large', 4187795770)"", ""t2"": ""('ddl_test.t_large_oracle', 4187795770)""}, ""ddl"": {""success"": false, ""duration"": 0.04, ""error"": ""(1846, 'ALGORITHM=INPLACE is not supported. Reason: Cannot change column type INPLACE. Try ALGORITHM=COPY.')"", ""algorithm"": ""INPLACE""}, ""dml_ops"": 940, ""dml_errors"": 0, ""dml_bre"
LT-BLOB-B-IT,blob,TINYBLOB,BLOB,INSTANT,,100000,0.04,990,0,85.5,0,100.0,PASS,"{""test_id"": ""LT-BLOB-B-IT"", ""category"": ""blob"", ""old_type"": ""TINYBLOB"", ""new_type"": ""BLOB"", ""algorithm"": ""INSTANT"", ""target_rows"": 100000, ""row_count"": 100000, ""checksum_pre"": {""t1"": ""('ddl_test.t_large', 4187795770)"", ""t2"": ""('ddl_test.t_large_oracle', 4187795770)""}, ""ddl"": {""success"": false, ""duration"": 0.04, ""error"": ""(1846, 'ALGORITHM=INSTANT is not supported. Reason: Need to rebuild the table to change column type. Try ALGORITHM=COPY/INPLACE.')"", ""algorithm"": ""INSTANT""}, ""dml_ops"": 990, ""dm"
LT-BLOB-MB-IP,blob,BLOB,MEDIUMBLOB,INPLACE,,100000,0.04,911,0,75.5,86.4,-14.4,PASS,"{""test_id"": ""LT-BLOB-MB-IP"", ""category"": ""blob"", ""old_type"": ""BLOB"", ""new_type"": ""MEDIUMBLOB"", ""algorithm"": ""INPLACE"", ""target_rows"": 100000, ""row_count"": 100000, ""checksum_pre"": {""t1"": ""('ddl_test.t_large', 4187795770)"", ""t2"": ""('ddl_test.t_large_oracle', 4187795770)""}, ""ddl"": {""success"": false, ""duration"": 0.04, ""error"": ""(1846, 'ALGORITHM=INPLACE is not supported. Reason: Cannot change column type INPLACE. Try ALGORITHM=COPY.')"", ""algorithm"": ""INPLACE""}, ""dml_ops"": 911, ""dml_errors"": 0, ""dml_"
LT-BLOB-MB-IT,blob,BLOB,MEDIUMBLOB,INSTANT,,100000,0.04,978,0,85.7,76.5,10.7,PASS,"{""test_id"": ""LT-BLOB-MB-IT"", ""category"": ""blob"", ""old_type"": ""BLOB"", ""new_type"": ""MEDIUMBLOB"", ""algorithm"": ""INSTANT"", ""target_rows"": 100000, ""row_count"": 100000, ""checksum_pre"": {""t1"": ""('ddl_test.t_large', 4187795770)"", ""t2"": ""('ddl_test.t_large_oracle', 4187795770)""}, ""ddl"": {""success"": false, ""duration"": 0.04, ""error"": ""(1846, 'ALGORITHM=INSTANT is not supported. Reason: Need to rebuild the table to change column type. Try ALGORITHM=COPY/INPLACE.')"", ""algorithm"": ""INSTANT""}, ""dml_ops"": 978, "
LT-BLOB-ML-IP,blob,MEDIUMBLOB,LONGBLOB,INPLACE,,100000,0.03,950,0,81.1,0,100.0,PASS,"{""test_id"": ""LT-BLOB-ML-IP"", ""category"": ""blob"", ""old_type"": ""MEDIUMBLOB"", ""new_type"": ""LONGBLOB"", ""algorithm"": ""INPLACE"", ""target_rows"": 100000, ""row_count"": 100000, ""checksum_pre"": {""t1"": ""('ddl_test.t_large', 4187795770)"", ""t2"": ""('ddl_test.t_large_oracle', 4187795770)""}, ""ddl"": {""success"": false, ""duration"": 0.03, ""error"": ""(1846, 'ALGORITHM=INPLACE is not supported. Reason: Cannot change column type INPLACE. Try ALGORITHM=COPY.')"", ""algorithm"": ""INPLACE""}, ""dml_ops"": 950, ""dml_errors"": 0, """
LT-BIT1-8-IP,bit,BIT(1),BIT(8),INPLACE,,100000,0.06,1091,98,94.2,108.9,-15.6,PASS,"{""test_id"": ""LT-BIT1-8-IP"", ""category"": ""bit"", ""old_type"": ""BIT(1)"", ""new_type"": ""BIT(8)"", ""algorithm"": ""INPLACE"", ""target_rows"": 100000, ""row_count"": 100000, ""checksum_pre"": {""t1"": ""('ddl_test.t_large', 4135713716)"", ""t2"": ""('ddl_test.t_large_oracle', 4135713716)""}, ""ddl"": {""success"": false, ""duration"": 0.06, ""error"": ""(1846, 'ALGORITHM=INPLACE is not supported. Reason: Cannot change column type INPLACE. Try ALGORITHM=COPY.')"", ""algorithm"": ""INPLACE""}, ""dml_ops"": 1091, ""dml_errors"": 98, ""dml_br"
LT-BIT1-8-IT,bit,BIT(1),BIT(8),INSTANT,,100000,0.04,967,74,87.4,95.9,-9.7,PASS,"{""test_id"": ""LT-BIT1-8-IT"", ""category"": ""bit"", ""old_type"": ""BIT(1)"", ""new_type"": ""BIT(8)"", ""algorithm"": ""INSTANT"", ""target_rows"": 100000, ""row_count"": 100000, ""checksum_pre"": {""t1"": ""('ddl_test.t_large', 901132901)"", ""t2"": ""('ddl_test.t_large_oracle', 901132901)""}, ""ddl"": {""success"": false, ""duration"": 0.04, ""error"": ""(1846, 'ALGORITHM=INSTANT is not supported. Reason: Need to rebuild the table to change column type. Try ALGORITHM=COPY/INPLACE.')"", ""algorithm"": ""INSTANT""}, ""dml_ops"": 967, ""dml_e"
LT-BIT8-16-IP,bit,BIT(8),BIT(16),INPLACE,,100000,0.04,1075,93,101.2,108.8,-7.5,PASS,"{""test_id"": ""LT-BIT8-16-IP"", ""category"": ""bit"", ""old_type"": ""BIT(8)"", ""new_type"": ""BIT(16)"", ""algorithm"": ""INPLACE"", ""target_rows"": 100000, ""row_count"": 100000, ""checksum_pre"": {""t1"": ""('ddl_test.t_large', 286809886)"", ""t2"": ""('ddl_test.t_large_oracle', 4008728815)""}, ""ddl"": {""success"": false, ""duration"": 0.04, ""error"": ""(1846, 'ALGORITHM=INPLACE is not supported. Reason: Cannot change column type INPLACE. Try ALGORITHM=COPY.')"", ""algorithm"": ""INPLACE""}, ""dml_ops"": 1075, ""dml_errors"": 93, ""dml_b"
LT-BIT8-16-IT,bit,BIT(8),BIT(16),INSTANT,,100000,0.04,987,96,90.3,95.3,-5.5,PASS,"{""test_id"": ""LT-BIT8-16-IT"", ""category"": ""bit"", ""old_type"": ""BIT(8)"", ""new_type"": ""BIT(16)"", ""algorithm"": ""INSTANT"", ""target_rows"": 100000, ""row_count"": 100000, ""checksum_pre"": {""t1"": ""('ddl_test.t_large', 3231789678)"", ""t2"": ""('ddl_test.t_large_oracle', 2457122331)""}, ""ddl"": {""success"": false, ""duration"": 0.04, ""error"": ""(1846, 'ALGORITHM=INSTANT is not supported. Reason: Need to rebuild the table to change column type. Try ALGORITHM=COPY/INPLACE.')"", ""algorithm"": ""INSTANT""}, ""dml_ops"": 987, ""d"
LT-BIT16-32-IP,bit,BIT(16),BIT(32),INPLACE,,100000,0.04,1096,96,97.7,104.0,-6.4,PASS,"{""test_id"": ""LT-BIT16-32-IP"", ""category"": ""bit"", ""old_type"": ""BIT(16)"", ""new_type"": ""BIT(32)"", ""algorithm"": ""INPLACE"", ""target_rows"": 100000, ""row_count"": 100000, ""checksum_pre"": {""t1"": ""('ddl_test.t_large', 4008728815)"", ""t2"": ""('ddl_test.t_large_oracle', 3245979878)""}, ""ddl"": {""success"": false, ""duration"": 0.04, ""error"": ""(1846, 'ALGORITHM=INPLACE is not supported. Reason: Cannot change column type INPLACE. Try ALGORITHM=COPY.')"", ""algorithm"": ""INPLACE""}, ""dml_ops"": 1096, ""dml_errors"": 96, ""dm"
LT-BIT16-32-IT,bit,BIT(16),BIT(32),INSTANT,,100000,0.03,909,107,79.6,84.8,-6.5,PASS,"{""test_id"": ""LT-BIT16-32-IT"", ""category"": ""bit"", ""old_type"": ""BIT(16)"", ""new_type"": ""BIT(32)"", ""algorithm"": ""INSTANT"", ""target_rows"": 100000, ""row_count"": 100000, ""checksum_pre"": {""t1"": ""('ddl_test.t_large', 2457122331)"", ""t2"": ""('ddl_test.t_large_oracle', 3002133252)""}, ""ddl"": {""success"": false, ""duration"": 0.03, ""error"": ""(1846, 'ALGORITHM=INSTANT is not supported. Reason: Need to rebuild the table to change column type. Try ALGORITHM=COPY/INPLACE.')"", ""algorithm"": ""INSTANT""}, ""dml_ops"": 909, "
LT-BIT32-64-IP,bit,BIT(32),BIT(64),INPLACE,,100000,0.04,1095,82,92.3,102.0,-10.5,PASS,"{""test_id"": ""LT-BIT32-64-IP"", ""category"": ""bit"", ""old_type"": ""BIT(32)"", ""new_type"": ""BIT(64)"", ""algorithm"": ""INPLACE"", ""target_rows"": 100000, ""row_count"": 100000, ""checksum_pre"": {""t1"": ""('ddl_test.t_large', 3245979878)"", ""t2"": ""('ddl_test.t_large_oracle', 3376796811)""}, ""ddl"": {""success"": false, ""duration"": 0.04, ""error"": ""(1846, 'ALGORITHM=INPLACE is not supported. Reason: Cannot change column type INPLACE. Try ALGORITHM=COPY.')"", ""algorithm"": ""INPLACE""}, ""dml_ops"": 1095, ""dml_errors"": 82, ""dm"
LT-BIT32-64-IT,bit,BIT(32),BIT(64),INSTANT,,100000,0.04,999,77,87.5,98.1,-12.1,PASS,"{""test_id"": ""LT-BIT32-64-IT"", ""category"": ""bit"", ""old_type"": ""BIT(32)"", ""new_type"": ""BIT(64)"", ""algorithm"": ""INSTANT"", ""target_rows"": 100000, ""row_count"": 100000, ""checksum_pre"": {""t1"": ""('ddl_test.t_large', 3002133252)"", ""t2"": ""('ddl_test.t_large_oracle', 3528667133)""}, ""ddl"": {""success"": false, ""duration"": 0.04, ""error"": ""(1846, 'ALGORITHM=INSTANT is not supported. Reason: Need to rebuild the table to change column type. Try ALGORITHM=COPY/INPLACE.')"", ""algorithm"": ""INSTANT""}, ""dml_ops"": 999, "
