pg_path	mysql_category	mysql_domain	mysql_statement_key	status	reviewer	notes
skills/pg-sql-generation/references/statements/ddl/table/create_table.md	ddl	table	create_table	reference_created	main	MySQL CREATE TABLE reference created and retained after full migration review.
skills/pg-sql-generation/references/statements/ddl/table/alter_table.md	ddl	table	alter_table	reference_created	DDL second batch	MySQL ALTER TABLE reference created.
skills/pg-sql-generation/references/statements/ddl/table/drop_table.md	ddl	table	drop_table	reference_created	DDL second batch	MySQL DROP TABLE reference created.
skills/pg-sql-generation/references/statements/ddl/index/create_index.md	ddl	index	create_index	reference_created	main	MySQL CREATE INDEX reference created and retained after full migration review.
skills/pg-sql-generation/references/statements/ddl/index/drop_index.md	ddl	index	drop_index	reference_created	DDL second batch	MySQL DROP INDEX reference created.
skills/pg-sql-generation/references/statements/dml/table/insert.md	dml	table	insert	reference_created	main	MySQL INSERT reference created and retained after full migration review.
skills/pg-sql-generation/references/statements/tcl/transaction/begin.md	tcl	transaction	start_transaction	reference_created	main	MySQL START TRANSACTION / BEGIN reference created and retained after full migration review.
skills/pg-sql-generation/references/statements/tcl/transaction/commit.md	tcl	transaction	commit	reference_created	main	MySQL COMMIT reference created and retained after full migration review.
skills/pg-sql-generation/references/statements/tcl/transaction/rollback.md	tcl	transaction	rollback	reference_created	main	MySQL ROLLBACK reference created and retained after full migration review.
skills/pg-sql-generation/references/statements/prepared/prepared_statement/prepare.md	prepared	prepared_statement	prepare	reference_created	main	MySQL PREPARE reference created and retained after full migration review.
skills/pg-sql-generation/references/statements/utility/plan/explain.md	utility	plan	explain	reference_created	main	MySQL EXPLAIN reference created and retained after full migration review.
skills/pg-sql-generation/references/statements/utility/statistics/analyze.md	utility	statistics	analyze_table	reference_created	main	MySQL ANALYZE TABLE reference created and retained after full migration review.
skills/pg-sql-generation/references/statements/ddl/database/create_database.md	ddl	database	create_database	reference_created	main	MySQL CREATE DATABASE reference created.
skills/pg-sql-generation/references/statements/ddl/database/alter_database.md	ddl	database	alter_database	reference_created	DDL second batch	MySQL ALTER DATABASE reference created.
skills/pg-sql-generation/references/statements/ddl/database/drop_database.md	ddl	database	drop_database	reference_created	DDL second batch	MySQL DROP DATABASE reference created.
skills/pg-sql-generation/references/statements/ddl/view/create_view.md	ddl	view	create_view	reference_created	DDL second batch	MySQL CREATE VIEW reference created.
skills/pg-sql-generation/references/statements/ddl/view/alter_view.md	ddl	view	alter_view	reference_created	DDL second batch	MySQL ALTER VIEW reference created.
skills/pg-sql-generation/references/statements/ddl/view/drop_view.md	ddl	view	drop_view	reference_created	DDL second batch	MySQL DROP VIEW reference created.
skills/pg-sql-generation/references/statements/ddl/schema/create_schema.md	ddl	schema	create_schema	reference_created	DDL second batch	MySQL CREATE SCHEMA synonym reference created.
skills/pg-sql-generation/references/statements/ddl/schema/alter_schema.md	ddl	schema	alter_schema	reference_created	DDL second batch	MySQL ALTER SCHEMA synonym reference created.
skills/pg-sql-generation/references/statements/ddl/schema/drop_schema.md	ddl	schema	drop_schema	reference_created	DDL second batch	MySQL DROP SCHEMA synonym reference created.
skills/pg-sql-generation/references/statements/ddl/table/truncate.md	ddl	table	truncate	reference_created	DDL second batch	MySQL TRUNCATE TABLE reference created.
skills/pg-sql-generation/references/statements/dml/query/select.md	dml	query	select	reference_created	DML query/table	MySQL SELECT reference created.
skills/pg-sql-generation/references/statements/dml/query/values.md	dml	query	values	reference_created	DML query/table	MySQL VALUES reference created.
mysql_missing	dml	query	table	reference_created	DML query/table	MySQL TABLE statement added from official docs.
skills/pg-sql-generation/references/statements/dml/table/update.md	dml	table	update	reference_created	DML query/table	MySQL UPDATE reference created.
skills/pg-sql-generation/references/statements/dml/table/delete.md	dml	table	delete	reference_created	DML query/table	MySQL DELETE reference created.
skills/pg-sql-generation/references/statements/dml/table/merge.md	dml	table	merge	drop_pg_only	DML query/table	MySQL 8.0.22 has no MERGE statement.
skills/pg-sql-generation/references/statements/dml/routine/call.md	dml	routine	call	reference_created	DML query/table	MySQL CALL reference created.
skills/pg-sql-generation/references/statements/dcl/privilege/revoke.md	dcl	privilege	revoke	reference_created	main	MySQL REVOKE reference created.
mysql_missing	account	user	create_user	reference_created	main	MySQL CREATE USER reference created.
mysql_missing	account	user	drop_user	reference_created	main	MySQL DROP USER reference created.
mysql_missing	account	role	create_role	reference_created	main	MySQL CREATE ROLE reference created.
mysql_missing	account	user	alter_user	reference_created	account/admin	MySQL ALTER USER reference created.
mysql_missing	account	user	rename_user	reference_created	account/admin	MySQL RENAME USER reference created.
mysql_missing	account	user	set_password	reference_created	account/admin	MySQL SET PASSWORD reference created.
mysql_missing	account	role	drop_role	reference_created	account/admin	MySQL DROP ROLE reference created.
mysql_missing	account	role	set_default_role	reference_created	account/admin	MySQL SET DEFAULT ROLE reference created.
skills/pg-sql-generation/references/statements/session/runtime_parameter/set.md	session	runtime_parameter	set	reference_created	main	MySQL SET reference created.
skills/pg-sql-generation/references/statements/session/runtime_parameter/show.md	session	runtime_parameter	show	reference_created	main	MySQL SHOW reference created.
skills/pg-sql-generation/references/statements/session/runtime_parameter/reset.md	session	runtime_parameter	reset	reference_created	main	MySQL RESET reference created.
skills/pg-sql-generation/references/statements/session/authorization/set_role.md	session	authorization	set_role	reference_created	main	MySQL SET ROLE reference created.
mysql_missing	session	database	use	reference_created	account/admin	MySQL USE reference created.
mysql_missing	utility	help	help	reference_created	account/admin	MySQL HELP reference created.
mysql_missing	admin	session	kill	reference_created	account/admin	MySQL KILL reference created with safe negative defaults.
mysql_missing	admin	server	flush	reference_created	account/admin	MySQL FLUSH reference created.
mysql_missing	admin	server	shutdown	reference_created	account/admin	MySQL SHUTDOWN reference created with safe negative defaults.
mysql_missing	admin	server	restart	reference_created	account/admin	MySQL RESTART reference created with safe negative defaults.
mysql_missing	utility	maintenance	check_table	reference_created	account/admin	MySQL CHECK TABLE reference created.
mysql_missing	utility	maintenance	checksum_table	reference_created	account/admin	MySQL CHECKSUM TABLE reference created.
mysql_missing	utility	maintenance	optimize_table	reference_created	account/admin	MySQL OPTIMIZE TABLE reference created.
mysql_missing	utility	maintenance	repair_table	reference_created	account/admin	MySQL REPAIR TABLE reference created.
skills/pg-sql-generation/references/statements/cursor/cursor/declare.md	cursor	cursor	declare	reference_created	cursor/XA	MySQL stored-program DECLARE CURSOR reference created.
mysql_missing	cursor	cursor	open	reference_created	cursor/XA	MySQL OPEN CURSOR reference created.
skills/pg-sql-generation/references/statements/cursor/cursor/fetch.md	cursor	cursor	fetch	reference_created	cursor/XA	MySQL FETCH CURSOR reference created.
skills/pg-sql-generation/references/statements/cursor/cursor/close.md	cursor	cursor	close	reference_created	cursor/XA	MySQL CLOSE CURSOR reference created.
skills/pg-sql-generation/references/statements/cursor/cursor/move.md	cursor	cursor	move	drop_pg_only	cursor/XA	MySQL has no cursor MOVE statement.
mysql_missing	tcl	xa	xa_start	reference_created	cursor/XA	MySQL XA START reference created.
mysql_missing	tcl	xa	xa_end	reference_created	cursor/XA	MySQL XA END reference created.
skills/pg-sql-generation/references/statements/tcl/two_phase_transaction/prepare_transaction.md	tcl	xa	xa_prepare	reference_created	cursor/XA	PG PREPARE TRANSACTION mapped to MySQL XA PREPARE.
skills/pg-sql-generation/references/statements/tcl/two_phase_transaction/commit_prepared.md	tcl	xa	xa_commit	reference_created	cursor/XA	PG COMMIT PREPARED mapped to MySQL XA COMMIT.
skills/pg-sql-generation/references/statements/tcl/two_phase_transaction/rollback_prepared.md	tcl	xa	xa_rollback	reference_created	cursor/XA	PG ROLLBACK PREPARED mapped to MySQL XA ROLLBACK.
mysql_missing	tcl	xa	xa_recover	reference_created	cursor/XA	MySQL XA RECOVER reference created.
mysql_missing	dml	expression	do	reference_created	cursor/XA	MySQL DO expression statement created.
mysql_missing	dml	table	replace	reference_created	cursor/XA	MySQL REPLACE reference created.
skills/pg-sql-generation/references/statements/utility/data_transfer/copy.md	utility	data_transfer	load_data	reference_created	cursor/XA	PG COPY FROM intent mapped to MySQL LOAD DATA.
mysql_missing	utility	data_transfer	load_xml	reference_created	cursor/XA	MySQL LOAD XML reference created.
mysql_missing	dml	table	handler	reference_created	cursor/XA	MySQL HANDLER reference created.
mysql_missing	utility	data_transfer	import_table	reference_created	cursor/XA	MySQL IMPORT TABLE reference created.
skills/pg-sql-generation/references/statements/ddl/procedure/create_procedure.md	ddl	procedure	create_procedure	reference_created	stored/server	MySQL CREATE PROCEDURE reference created; routine IF NOT EXISTS excluded for 8.0.22.
skills/pg-sql-generation/references/statements/ddl/procedure/alter_procedure.md	ddl	procedure	alter_procedure	reference_created	stored/server	MySQL ALTER PROCEDURE reference created; only characteristics are alterable.
skills/pg-sql-generation/references/statements/ddl/procedure/drop_procedure.md	ddl	procedure	drop_procedure	reference_created	stored/server	MySQL DROP PROCEDURE reference created.
skills/pg-sql-generation/references/statements/ddl/function/create_function.md	ddl	function	create_function	reference_created	stored/server	MySQL stored CREATE FUNCTION reference created; loadable functions kept out of this domain.
skills/pg-sql-generation/references/statements/ddl/function/alter_function.md	ddl	function	alter_function	reference_created	stored/server	MySQL ALTER FUNCTION reference created; only characteristics are alterable.
skills/pg-sql-generation/references/statements/ddl/function/drop_function.md	ddl	function	drop_function	reference_created	stored/server	MySQL stored DROP FUNCTION reference created.
skills/pg-sql-generation/references/statements/ddl/routine/alter_routine.md	ddl	routine	alter_routine	drop_pg_only	stored/server	MySQL has no ALTER ROUTINE statement; split to ALTER PROCEDURE and ALTER FUNCTION.
skills/pg-sql-generation/references/statements/ddl/routine/drop_routine.md	ddl	routine	drop_routine	drop_pg_only	stored/server	MySQL has no DROP ROUTINE statement; split to DROP PROCEDURE and DROP FUNCTION.
skills/pg-sql-generation/references/statements/ddl/trigger/create_trigger.md	ddl	trigger	create_trigger	reference_created	stored/server	MySQL CREATE TRIGGER reference created; PG statement-level and constraint trigger branches removed.
skills/pg-sql-generation/references/statements/ddl/trigger/drop_trigger.md	ddl	trigger	drop_trigger	reference_created	stored/server	MySQL DROP TRIGGER reference created.
skills/pg-sql-generation/references/statements/ddl/trigger/alter_trigger.md	ddl	trigger	alter_trigger	drop_pg_only	stored/server	MySQL 8.0.22 has no ALTER TRIGGER statement.
skills/pg-sql-generation/references/statements/ddl/event_trigger/create_event_trigger.md	ddl	event_trigger	create_event_trigger	drop_pg_only	stored/server	PostgreSQL event triggers are DDL hooks; MySQL EVENT is a scheduler object and is tracked separately.
skills/pg-sql-generation/references/statements/ddl/event_trigger/alter_event_trigger.md	ddl	event_trigger	alter_event_trigger	drop_pg_only	stored/server	PostgreSQL event triggers are not migrated to MySQL EVENT.
skills/pg-sql-generation/references/statements/ddl/event_trigger/drop_event_trigger.md	ddl	event_trigger	drop_event_trigger	drop_pg_only	stored/server	PostgreSQL event triggers are not migrated to MySQL EVENT.
mysql_missing	ddl	event	create_event	reference_created	stored/server	MySQL CREATE EVENT scheduler reference created.
mysql_missing	ddl	event	alter_event	reference_created	stored/server	MySQL ALTER EVENT scheduler reference created.
mysql_missing	ddl	event	drop_event	reference_created	stored/server	MySQL DROP EVENT scheduler reference created.
mysql_missing	ddl	server	create_server	reference_created	stored/server	MySQL CREATE SERVER reference created for FEDERATED server metadata.
mysql_missing	ddl	server	alter_server	reference_created	stored/server	MySQL ALTER SERVER reference created.
mysql_missing	ddl	server	drop_server	reference_created	stored/server	MySQL DROP SERVER reference created.
mysql_missing	ddl	tablespace	create_tablespace	reference_created	stored/server	MySQL CREATE TABLESPACE reference created with InnoDB/NDB execution risk factors.
skills/pg-sql-generation/references/statements/ddl/tablespace/alter_tablespace.md	ddl	tablespace	alter_tablespace	reference_created	stored/server	MySQL ALTER TABLESPACE reference created.
skills/pg-sql-generation/references/statements/ddl/tablespace/drop_tablespace.md	ddl	tablespace	drop_tablespace	reference_created	stored/server	MySQL DROP TABLESPACE reference created.
mysql_missing	ddl	logfile_group	create_logfile_group	reference_created	stored/server	MySQL CREATE LOGFILE GROUP reference created; default execution skips NDB-only positive cases.
mysql_missing	ddl	logfile_group	alter_logfile_group	reference_created	stored/server	MySQL ALTER LOGFILE GROUP reference created; default execution skips NDB-only positive cases.
mysql_missing	ddl	logfile_group	drop_logfile_group	reference_created	stored/server	MySQL DROP LOGFILE GROUP reference created; default execution skips NDB-only positive cases.
mysql_missing	admin	plugin	install_plugin	reference_created	stored/server	MySQL INSTALL PLUGIN reference created with dynamic-load risk isolation.
mysql_missing	admin	plugin	uninstall_plugin	reference_created	stored/server	MySQL UNINSTALL PLUGIN reference created with dynamic-load risk isolation.
mysql_missing	admin	component	install_component	reference_created	stored/server	MySQL INSTALL COMPONENT reference created; INSTALL COMPONENT SET excluded as post-8.0.22.
mysql_missing	admin	component	uninstall_component	reference_created	stored/server	MySQL UNINSTALL COMPONENT reference created.
mysql_missing	admin	instance	alter_instance	reference_created	stored/server	MySQL ALTER INSTANCE 8.0.22 subset created; RELOAD KEYRING excluded as 8.0.24.
mysql_missing	admin	resource_group	create_resource_group	reference_created	stored/server	MySQL CREATE RESOURCE GROUP reference created.
mysql_missing	admin	resource_group	alter_resource_group	reference_created	stored/server	MySQL ALTER RESOURCE GROUP reference created.
mysql_missing	admin	resource_group	drop_resource_group	reference_created	stored/server	MySQL DROP RESOURCE GROUP reference created.
mysql_missing	admin	resource_group	set_resource_group	reference_created	stored/server	MySQL SET RESOURCE GROUP reference created.
mysql_missing	ddl	spatial_reference_system	create_spatial_reference_system	reference_created	stored/server	MySQL CREATE SPATIAL REFERENCE SYSTEM reference created.
mysql_missing	ddl	spatial_reference_system	drop_spatial_reference_system	reference_created	stored/server	MySQL DROP SPATIAL REFERENCE SYSTEM reference created.
mysql_missing	ddl	table	rename_table	reference_created	stored/server	MySQL RENAME TABLE reference created.
skills/pg-sql-generation/references/statements/dcl/privilege/grant.md	dcl	privilege	grant	already_covered	remaining-review	MySQL GRANT reference already exists; PG-specific option shapes are rewritten to MySQL privilege, role, and proxy grants.
skills/pg-sql-generation/references/statements/ddl/access_method/create_access_method.md	ddl	access_method	create_access_method	drop_pg_only	remaining-review	MySQL 8.0.22 has no SQL object equivalent for PostgreSQL access methods.
skills/pg-sql-generation/references/statements/ddl/access_method/drop_access_method.md	ddl	access_method	drop_access_method	drop_pg_only	remaining-review	MySQL 8.0.22 has no DROP ACCESS METHOD equivalent.
skills/pg-sql-generation/references/statements/ddl/aggregate/alter_aggregate.md	ddl	aggregate	alter_aggregate	drop_pg_only	remaining-review	MySQL 8.0.22 has no user-defined aggregate DDL equivalent.
skills/pg-sql-generation/references/statements/ddl/aggregate/create_aggregate.md	ddl	aggregate	create_aggregate	drop_pg_only	remaining-review	MySQL 8.0.22 has no CREATE AGGREGATE equivalent.
skills/pg-sql-generation/references/statements/ddl/aggregate/drop_aggregate.md	ddl	aggregate	drop_aggregate	drop_pg_only	remaining-review	MySQL 8.0.22 has no DROP AGGREGATE equivalent.
skills/pg-sql-generation/references/statements/ddl/cast/create_cast.md	ddl	cast	create_cast	drop_pg_only	remaining-review	MySQL 8.0.22 has no CREATE CAST SQL object.
skills/pg-sql-generation/references/statements/ddl/cast/drop_cast.md	ddl	cast	drop_cast	drop_pg_only	remaining-review	MySQL 8.0.22 has no DROP CAST SQL object.
skills/pg-sql-generation/references/statements/ddl/collation/alter_collation.md	ddl	collation	alter_collation	rename_or_merge	remaining-review	MySQL collation behavior is covered by database/table/column charset and collation factors, not ALTER COLLATION.
skills/pg-sql-generation/references/statements/ddl/collation/create_collation.md	ddl	collation	create_collation	rename_or_merge	remaining-review	MySQL 8.0.22 has no CREATE COLLATION; use charset/collation factors on schema and table statements.
skills/pg-sql-generation/references/statements/ddl/collation/drop_collation.md	ddl	collation	drop_collation	rename_or_merge	remaining-review	MySQL 8.0.22 has no DROP COLLATION; use charset/collation factors on schema and table statements.
skills/pg-sql-generation/references/statements/ddl/comment/comment.md	ddl	comment	comment	rename_or_merge	remaining-review	MySQL has no COMMENT ON statement; comments are inline factors on table, column, index, routine, event, and account statements.
skills/pg-sql-generation/references/statements/ddl/conversion/alter_conversion.md	ddl	conversion	alter_conversion	drop_pg_only	remaining-review	MySQL 8.0.22 has no ALTER CONVERSION equivalent.
skills/pg-sql-generation/references/statements/ddl/conversion/create_conversion.md	ddl	conversion	create_conversion	drop_pg_only	remaining-review	MySQL 8.0.22 has no CREATE CONVERSION equivalent.
skills/pg-sql-generation/references/statements/ddl/conversion/drop_conversion.md	ddl	conversion	drop_conversion	drop_pg_only	remaining-review	MySQL 8.0.22 has no DROP CONVERSION equivalent.
skills/pg-sql-generation/references/statements/ddl/default_privileges/alter_default_privileges.md	ddl	default_privileges	alter_default_privileges	drop_pg_only	remaining-review	MySQL 8.0.22 has no ALTER DEFAULT PRIVILEGES equivalent for future objects.
skills/pg-sql-generation/references/statements/ddl/domain/alter_domain.md	ddl	domain	alter_domain	rename_or_merge	remaining-review	MySQL has no domain object; use column type, CHECK, DEFAULT, and NOT NULL factors.
skills/pg-sql-generation/references/statements/ddl/domain/create_domain.md	ddl	domain	create_domain	rename_or_merge	remaining-review	MySQL has no CREATE DOMAIN; use column type, CHECK, DEFAULT, and NOT NULL factors.
skills/pg-sql-generation/references/statements/ddl/domain/drop_domain.md	ddl	domain	drop_domain	rename_or_merge	remaining-review	MySQL has no DROP DOMAIN; domain intent is inline table/routine type coverage.
skills/pg-sql-generation/references/statements/ddl/extension/alter_extension.md	ddl	extension	alter_extension	drop_pg_only	remaining-review	MySQL plugin/component installation is instance-level administration and not a schema extension equivalent.
skills/pg-sql-generation/references/statements/ddl/extension/create_extension.md	ddl	extension	create_extension	drop_pg_only	remaining-review	MySQL plugin/component installation is not a CREATE EXTENSION equivalent.
skills/pg-sql-generation/references/statements/ddl/extension/drop_extension.md	ddl	extension	drop_extension	drop_pg_only	remaining-review	MySQL plugin/component installation is not a DROP EXTENSION equivalent.
skills/pg-sql-generation/references/statements/ddl/foreign_data_wrapper/alter_foreign_data_wrapper.md	ddl	foreign_data_wrapper	alter_foreign_data_wrapper	drop_pg_only	remaining-review	MySQL FEDERATED server metadata does not expose PostgreSQL FDW objects.
skills/pg-sql-generation/references/statements/ddl/foreign_data_wrapper/create_foreign_data_wrapper.md	ddl	foreign_data_wrapper	create_foreign_data_wrapper	drop_pg_only	remaining-review	MySQL 8.0.22 has no CREATE FOREIGN DATA WRAPPER.
skills/pg-sql-generation/references/statements/ddl/foreign_data_wrapper/drop_foreign_data_wrapper.md	ddl	foreign_data_wrapper	drop_foreign_data_wrapper	drop_pg_only	remaining-review	MySQL 8.0.22 has no DROP FOREIGN DATA WRAPPER.
skills/pg-sql-generation/references/statements/ddl/foreign_schema/import_foreign_schema.md	ddl	foreign_schema	import_foreign_schema	drop_pg_only	remaining-review	MySQL 8.0.22 has no IMPORT FOREIGN SCHEMA equivalent.
skills/pg-sql-generation/references/statements/ddl/foreign_table/alter_foreign_table.md	ddl	foreign_table	alter_foreign_table	rename_or_merge	remaining-review	MySQL foreign-table intent maps to CREATE/ALTER TABLE with ENGINE=FEDERATED and CREATE SERVER factors.
skills/pg-sql-generation/references/statements/ddl/foreign_table/create_foreign_table.md	ddl	foreign_table	create_foreign_table	rename_or_merge	remaining-review	MySQL foreign-table intent maps to CREATE TABLE ENGINE=FEDERATED or CONNECTION factors.
skills/pg-sql-generation/references/statements/ddl/foreign_table/drop_foreign_table.md	ddl	foreign_table	drop_foreign_table	rename_or_merge	remaining-review	MySQL foreign-table intent maps to DROP TABLE over FEDERATED tables.
skills/pg-sql-generation/references/statements/ddl/group/alter_group.md	ddl	group	alter_group	rename_or_merge	remaining-review	PostgreSQL groups merge into MySQL roles and accounts; no GROUP statement reference is created.
skills/pg-sql-generation/references/statements/ddl/group/create_group.md	ddl	group	create_group	rename_or_merge	remaining-review	PostgreSQL groups merge into MySQL CREATE ROLE and account grants.
skills/pg-sql-generation/references/statements/ddl/group/drop_group.md	ddl	group	drop_group	rename_or_merge	remaining-review	PostgreSQL groups merge into MySQL DROP ROLE and account grants.
skills/pg-sql-generation/references/statements/ddl/index/alter_index.md	ddl	index	alter_index	already_covered	remaining-review	MySQL has no standalone ALTER INDEX; covered by ALTER TABLE rename index and visible/invisible index branches.
skills/pg-sql-generation/references/statements/ddl/index/reindex.md	ddl	index	reindex	drop_pg_only	remaining-review	MySQL 8.0.22 has no REINDEX statement; maintenance intent is not equivalent to PG REINDEX.
skills/pg-sql-generation/references/statements/ddl/language/alter_language.md	ddl	language	alter_language	drop_pg_only	remaining-review	MySQL 8.0.22 has no procedural language DDL equivalent.
skills/pg-sql-generation/references/statements/ddl/language/create_language.md	ddl	language	create_language	drop_pg_only	remaining-review	MySQL 8.0.22 has no CREATE LANGUAGE equivalent.
skills/pg-sql-generation/references/statements/ddl/language/drop_language.md	ddl	language	drop_language	drop_pg_only	remaining-review	MySQL 8.0.22 has no DROP LANGUAGE equivalent.
skills/pg-sql-generation/references/statements/ddl/large_object/alter_large_object.md	ddl	large_object	alter_large_object	drop_pg_only	remaining-review	MySQL 8.0.22 has no PostgreSQL large object DDL equivalent.
skills/pg-sql-generation/references/statements/ddl/materialized_view/alter_materialized_view.md	ddl	materialized_view	alter_materialized_view	rename_or_merge	remaining-review	MySQL has no materialized view; cache-table intent can be modeled with tables plus event/procedure refresh.
skills/pg-sql-generation/references/statements/ddl/materialized_view/create_materialized_view.md	ddl	materialized_view	create_materialized_view	rename_or_merge	remaining-review	MySQL has no CREATE MATERIALIZED VIEW; use CREATE TABLE ... SELECT plus refresh workflow if needed.
skills/pg-sql-generation/references/statements/ddl/materialized_view/drop_materialized_view.md	ddl	materialized_view	drop_materialized_view	rename_or_merge	remaining-review	MySQL has no DROP MATERIALIZED VIEW; drop the backing table in table-based refresh patterns.
skills/pg-sql-generation/references/statements/ddl/materialized_view/refresh_materialized_view.md	ddl	materialized_view	refresh_materialized_view	rename_or_merge	remaining-review	MySQL has no REFRESH MATERIALIZED VIEW; use INSERT/REPLACE plus event/procedure refresh patterns.
skills/pg-sql-generation/references/statements/ddl/operator/alter_operator.md	ddl	operator	alter_operator	drop_pg_only	remaining-review	MySQL 8.0.22 has no user-defined operator DDL.
skills/pg-sql-generation/references/statements/ddl/operator/create_operator.md	ddl	operator	create_operator	drop_pg_only	remaining-review	MySQL 8.0.22 has no CREATE OPERATOR equivalent.
skills/pg-sql-generation/references/statements/ddl/operator/drop_operator.md	ddl	operator	drop_operator	drop_pg_only	remaining-review	MySQL 8.0.22 has no DROP OPERATOR equivalent.
skills/pg-sql-generation/references/statements/ddl/operator_class/alter_operator_class.md	ddl	operator_class	alter_operator_class	drop_pg_only	remaining-review	MySQL 8.0.22 has no operator class DDL equivalent.
skills/pg-sql-generation/references/statements/ddl/operator_class/create_operator_class.md	ddl	operator_class	create_operator_class	drop_pg_only	remaining-review	MySQL 8.0.22 has no CREATE OPERATOR CLASS equivalent.
skills/pg-sql-generation/references/statements/ddl/operator_class/drop_operator_class.md	ddl	operator_class	drop_operator_class	drop_pg_only	remaining-review	MySQL 8.0.22 has no DROP OPERATOR CLASS equivalent.
skills/pg-sql-generation/references/statements/ddl/operator_family/alter_operator_family.md	ddl	operator_family	alter_operator_family	drop_pg_only	remaining-review	MySQL 8.0.22 has no operator family DDL equivalent.
skills/pg-sql-generation/references/statements/ddl/operator_family/create_operator_family.md	ddl	operator_family	create_operator_family	drop_pg_only	remaining-review	MySQL 8.0.22 has no CREATE OPERATOR FAMILY equivalent.
skills/pg-sql-generation/references/statements/ddl/operator_family/drop_operator_family.md	ddl	operator_family	drop_operator_family	drop_pg_only	remaining-review	MySQL 8.0.22 has no DROP OPERATOR FAMILY equivalent.
skills/pg-sql-generation/references/statements/ddl/ownership/drop_owned.md	ddl	ownership	drop_owned	drop_pg_only	remaining-review	MySQL 8.0.22 has no DROP OWNED equivalent.
skills/pg-sql-generation/references/statements/ddl/ownership/reassign_owned.md	ddl	ownership	reassign_owned	drop_pg_only	remaining-review	MySQL 8.0.22 has no REASSIGN OWNED equivalent.
skills/pg-sql-generation/references/statements/ddl/policy/alter_policy.md	ddl	policy	alter_policy	drop_pg_only	remaining-review	MySQL 8.0.22 has no PostgreSQL row-level policy DDL.
skills/pg-sql-generation/references/statements/ddl/policy/create_policy.md	ddl	policy	create_policy	drop_pg_only	remaining-review	MySQL 8.0.22 has no CREATE POLICY equivalent.
skills/pg-sql-generation/references/statements/ddl/policy/drop_policy.md	ddl	policy	drop_policy	drop_pg_only	remaining-review	MySQL 8.0.22 has no DROP POLICY equivalent.
skills/pg-sql-generation/references/statements/ddl/publication/alter_publication.md	ddl	publication	alter_publication	drop_pg_only	remaining-review	MySQL 8.0.22 has no PostgreSQL publication DDL equivalent.
skills/pg-sql-generation/references/statements/ddl/publication/create_publication.md	ddl	publication	create_publication	drop_pg_only	remaining-review	MySQL 8.0.22 has no CREATE PUBLICATION equivalent.
skills/pg-sql-generation/references/statements/ddl/publication/drop_publication.md	ddl	publication	drop_publication	drop_pg_only	remaining-review	MySQL 8.0.22 has no DROP PUBLICATION equivalent.
skills/pg-sql-generation/references/statements/ddl/role/alter_role.md	ddl	role	alter_role	rename_or_merge	remaining-review	MySQL role/account alteration splits across ALTER USER, role grants, and SET DEFAULT ROLE.
skills/pg-sql-generation/references/statements/ddl/role/create_role.md	ddl	role	create_role	already_covered	remaining-review	MySQL CREATE ROLE reference already exists under account/role.
skills/pg-sql-generation/references/statements/ddl/role/drop_role.md	ddl	role	drop_role	already_covered	remaining-review	MySQL DROP ROLE reference already exists under account/role.
skills/pg-sql-generation/references/statements/ddl/rule/alter_rule.md	ddl	rule	alter_rule	drop_pg_only	remaining-review	MySQL 8.0.22 has no PostgreSQL rewrite rule DDL.
skills/pg-sql-generation/references/statements/ddl/rule/create_rule.md	ddl	rule	create_rule	drop_pg_only	remaining-review	MySQL 8.0.22 has no CREATE RULE equivalent.
skills/pg-sql-generation/references/statements/ddl/rule/drop_rule.md	ddl	rule	drop_rule	drop_pg_only	remaining-review	MySQL 8.0.22 has no DROP RULE equivalent.
skills/pg-sql-generation/references/statements/ddl/security_label/security_label.md	ddl	security_label	security_label	drop_pg_only	remaining-review	MySQL 8.0.22 has no SECURITY LABEL statement equivalent.
skills/pg-sql-generation/references/statements/ddl/sequence/alter_sequence.md	ddl	sequence	alter_sequence	rename_or_merge	remaining-review	MySQL has no sequence object; use AUTO_INCREMENT or test helper tables.
skills/pg-sql-generation/references/statements/ddl/sequence/create_sequence.md	ddl	sequence	create_sequence	rename_or_merge	remaining-review	MySQL has no CREATE SEQUENCE in 8.0.22; use AUTO_INCREMENT or test helper tables.
skills/pg-sql-generation/references/statements/ddl/sequence/drop_sequence.md	ddl	sequence	drop_sequence	rename_or_merge	remaining-review	MySQL has no DROP SEQUENCE in 8.0.22; use AUTO_INCREMENT or helper-table cleanup.
skills/pg-sql-generation/references/statements/ddl/server/alter_server.md	ddl	server	alter_server	already_covered	remaining-review	MySQL ALTER SERVER reference already exists for FEDERATED server metadata.
skills/pg-sql-generation/references/statements/ddl/server/create_server.md	ddl	server	create_server	already_covered	remaining-review	MySQL CREATE SERVER reference already exists for FEDERATED server metadata.
skills/pg-sql-generation/references/statements/ddl/server/drop_server.md	ddl	server	drop_server	already_covered	remaining-review	MySQL DROP SERVER reference already exists for FEDERATED server metadata.
skills/pg-sql-generation/references/statements/ddl/statistics/alter_statistics.md	ddl	statistics	alter_statistics	rename_or_merge	remaining-review	PostgreSQL extended statistics merge into MySQL ANALYZE TABLE histogram coverage.
skills/pg-sql-generation/references/statements/ddl/statistics/create_statistics.md	ddl	statistics	create_statistics	rename_or_merge	remaining-review	PostgreSQL CREATE STATISTICS merges into ANALYZE TABLE UPDATE HISTOGRAM coverage.
skills/pg-sql-generation/references/statements/ddl/statistics/drop_statistics.md	ddl	statistics	drop_statistics	rename_or_merge	remaining-review	PostgreSQL DROP STATISTICS merges into ANALYZE TABLE DROP HISTOGRAM coverage.
skills/pg-sql-generation/references/statements/ddl/subscription/alter_subscription.md	ddl	subscription	alter_subscription	drop_pg_only	remaining-review	MySQL 8.0.22 has no PostgreSQL subscription DDL equivalent.
skills/pg-sql-generation/references/statements/ddl/subscription/create_subscription.md	ddl	subscription	create_subscription	drop_pg_only	remaining-review	MySQL 8.0.22 has no CREATE SUBSCRIPTION equivalent.
skills/pg-sql-generation/references/statements/ddl/subscription/drop_subscription.md	ddl	subscription	drop_subscription	drop_pg_only	remaining-review	MySQL 8.0.22 has no DROP SUBSCRIPTION equivalent.
skills/pg-sql-generation/references/statements/ddl/system/alter_system.md	ddl	system	alter_system	rename_or_merge	remaining-review	MySQL system variable persistence maps to SET PERSIST/RESET PERSIST and ALTER INSTANCE where applicable.
skills/pg-sql-generation/references/statements/ddl/table/cluster.md	ddl	table	cluster	drop_pg_only	remaining-review	MySQL 8.0.22 has no PostgreSQL CLUSTER statement.
skills/pg-sql-generation/references/statements/ddl/table/create_table_as.md	ddl	table	create_table_as	already_covered	remaining-review	MySQL CREATE TABLE ... SELECT is covered by CREATE TABLE create_select branch.
skills/pg-sql-generation/references/statements/ddl/table/select_into.md	ddl	table	select_into	rename_or_merge	remaining-review	PostgreSQL table-creating SELECT INTO maps to CREATE TABLE ... SELECT; MySQL SELECT ... INTO is a different variable/file assignment feature.
skills/pg-sql-generation/references/statements/ddl/tablespace/create_tablespace.md	ddl	tablespace	create_tablespace	already_covered	remaining-review	MySQL CREATE TABLESPACE reference already exists with InnoDB/undo/NDB risk factors.
skills/pg-sql-generation/references/statements/ddl/text_search_configuration/alter_text_search_configuration.md	ddl	text_search_configuration	alter_text_search_configuration	drop_pg_only	remaining-review	MySQL FULLTEXT features do not expose PostgreSQL text search configuration DDL.
skills/pg-sql-generation/references/statements/ddl/text_search_configuration/create_text_search_configuration.md	ddl	text_search_configuration	create_text_search_configuration	drop_pg_only	remaining-review	MySQL FULLTEXT features do not expose CREATE TEXT SEARCH CONFIGURATION.
skills/pg-sql-generation/references/statements/ddl/text_search_configuration/drop_text_search_configuration.md	ddl	text_search_configuration	drop_text_search_configuration	drop_pg_only	remaining-review	MySQL FULLTEXT features do not expose DROP TEXT SEARCH CONFIGURATION.
skills/pg-sql-generation/references/statements/ddl/text_search_dictionary/alter_text_search_dictionary.md	ddl	text_search_dictionary	alter_text_search_dictionary	drop_pg_only	remaining-review	MySQL FULLTEXT features do not expose PostgreSQL text search dictionary DDL.
skills/pg-sql-generation/references/statements/ddl/text_search_dictionary/create_text_search_dictionary.md	ddl	text_search_dictionary	create_text_search_dictionary	drop_pg_only	remaining-review	MySQL FULLTEXT features do not expose CREATE TEXT SEARCH DICTIONARY.
skills/pg-sql-generation/references/statements/ddl/text_search_dictionary/drop_text_search_dictionary.md	ddl	text_search_dictionary	drop_text_search_dictionary	drop_pg_only	remaining-review	MySQL FULLTEXT features do not expose DROP TEXT SEARCH DICTIONARY.
skills/pg-sql-generation/references/statements/ddl/text_search_parser/alter_text_search_parser.md	ddl	text_search_parser	alter_text_search_parser	drop_pg_only	remaining-review	MySQL FULLTEXT parser plugins are not PostgreSQL text search parser objects.
skills/pg-sql-generation/references/statements/ddl/text_search_parser/create_text_search_parser.md	ddl	text_search_parser	create_text_search_parser	drop_pg_only	remaining-review	MySQL FULLTEXT parser plugins are not CREATE TEXT SEARCH PARSER equivalents.
skills/pg-sql-generation/references/statements/ddl/text_search_parser/drop_text_search_parser.md	ddl	text_search_parser	drop_text_search_parser	drop_pg_only	remaining-review	MySQL FULLTEXT parser plugins are not DROP TEXT SEARCH PARSER equivalents.
skills/pg-sql-generation/references/statements/ddl/text_search_template/alter_text_search_template.md	ddl	text_search_template	alter_text_search_template	drop_pg_only	remaining-review	MySQL 8.0.22 has no PostgreSQL text search template DDL.
skills/pg-sql-generation/references/statements/ddl/text_search_template/create_text_search_template.md	ddl	text_search_template	create_text_search_template	drop_pg_only	remaining-review	MySQL 8.0.22 has no CREATE TEXT SEARCH TEMPLATE equivalent.
skills/pg-sql-generation/references/statements/ddl/text_search_template/drop_text_search_template.md	ddl	text_search_template	drop_text_search_template	drop_pg_only	remaining-review	MySQL 8.0.22 has no DROP TEXT SEARCH TEMPLATE equivalent.
skills/pg-sql-generation/references/statements/ddl/transform/create_transform.md	ddl	transform	create_transform	drop_pg_only	remaining-review	MySQL 8.0.22 has no CREATE TRANSFORM equivalent.
skills/pg-sql-generation/references/statements/ddl/transform/drop_transform.md	ddl	transform	drop_transform	drop_pg_only	remaining-review	MySQL 8.0.22 has no DROP TRANSFORM equivalent.
skills/pg-sql-generation/references/statements/ddl/type/alter_type.md	ddl	type	alter_type	rename_or_merge	remaining-review	MySQL has no standalone type object; ENUM, SET, JSON, spatial, and routine return types are inline factors.
skills/pg-sql-generation/references/statements/ddl/type/create_type.md	ddl	type	create_type	rename_or_merge	remaining-review	MySQL has no CREATE TYPE; ENUM, SET, JSON, spatial, and routine return types are inline factors.
skills/pg-sql-generation/references/statements/ddl/type/drop_type.md	ddl	type	drop_type	rename_or_merge	remaining-review	MySQL has no DROP TYPE; type intent is covered by table/routine factor values.
skills/pg-sql-generation/references/statements/ddl/user/alter_user.md	ddl	user	alter_user	already_covered	remaining-review	MySQL ALTER USER reference already exists under account/user.
skills/pg-sql-generation/references/statements/ddl/user/create_user.md	ddl	user	create_user	already_covered	remaining-review	MySQL CREATE USER reference already exists under account/user.
skills/pg-sql-generation/references/statements/ddl/user/drop_user.md	ddl	user	drop_user	already_covered	remaining-review	MySQL DROP USER reference already exists under account/user.
skills/pg-sql-generation/references/statements/ddl/user_mapping/alter_user_mapping.md	ddl	user_mapping	alter_user_mapping	drop_pg_only	remaining-review	MySQL 8.0.22 has no PostgreSQL user mapping DDL.
skills/pg-sql-generation/references/statements/ddl/user_mapping/create_user_mapping.md	ddl	user_mapping	create_user_mapping	drop_pg_only	remaining-review	MySQL 8.0.22 has no CREATE USER MAPPING equivalent.
skills/pg-sql-generation/references/statements/ddl/user_mapping/drop_user_mapping.md	ddl	user_mapping	drop_user_mapping	drop_pg_only	remaining-review	MySQL 8.0.22 has no DROP USER MAPPING equivalent.
skills/pg-sql-generation/references/statements/prepared/prepared_statement/deallocate.md	prepared	prepared_statement	deallocate	already_covered	remaining-review	MySQL DEALLOCATE PREPARE reference already exists; PG ALL branch is excluded.
skills/pg-sql-generation/references/statements/prepared/prepared_statement/execute.md	prepared	prepared_statement	execute	already_covered	remaining-review	MySQL EXECUTE reference already exists using @var parameters.
skills/pg-sql-generation/references/statements/session/authorization/set_session_authorization.md	session	authorization	set_session_authorization	drop_pg_only	remaining-review	MySQL 8.0.22 has no SET SESSION AUTHORIZATION equivalent.
skills/pg-sql-generation/references/statements/session/constraint_mode/set_constraints.md	session	constraint_mode	set_constraints	drop_pg_only	remaining-review	MySQL 8.0.22 has no transaction-level deferred constraint mode statement.
skills/pg-sql-generation/references/statements/session/notification/listen.md	session	notification	listen	drop_pg_only	remaining-review	MySQL 8.0.22 has no PostgreSQL LISTEN asynchronous notification SQL.
skills/pg-sql-generation/references/statements/session/notification/notify.md	session	notification	notify	drop_pg_only	remaining-review	MySQL 8.0.22 has no PostgreSQL NOTIFY asynchronous notification SQL.
skills/pg-sql-generation/references/statements/session/notification/unlisten.md	session	notification	unlisten	drop_pg_only	remaining-review	MySQL 8.0.22 has no PostgreSQL UNLISTEN asynchronous notification SQL.
skills/pg-sql-generation/references/statements/session/session_state/discard.md	session	session_state	discard	drop_pg_only	remaining-review	MySQL 8.0.22 has no DISCARD ALL/PLANS/SEQUENCES/TEMP statement.
skills/pg-sql-generation/references/statements/tcl/savepoint/release_savepoint.md	tcl	savepoint	release_savepoint	reference_created	remaining-review	MySQL RELEASE SAVEPOINT reference created.
skills/pg-sql-generation/references/statements/tcl/savepoint/rollback_to_savepoint.md	tcl	savepoint	rollback_to_savepoint	reference_created	remaining-review	MySQL ROLLBACK TO SAVEPOINT reference created.
skills/pg-sql-generation/references/statements/tcl/savepoint/savepoint.md	tcl	savepoint	savepoint	reference_created	remaining-review	MySQL SAVEPOINT reference created.
skills/pg-sql-generation/references/statements/tcl/transaction/abort.md	tcl	transaction	abort	rename_or_merge	remaining-review	PostgreSQL ABORT maps to MySQL ROLLBACK; no ABORT syntax is retained.
skills/pg-sql-generation/references/statements/tcl/transaction/end.md	tcl	transaction	end	rename_or_merge	remaining-review	PostgreSQL transaction END maps to MySQL COMMIT; MySQL END belongs to compound statements.
skills/pg-sql-generation/references/statements/tcl/transaction/set_transaction.md	tcl	transaction	set_transaction	reference_created	remaining-review	MySQL SET TRANSACTION reference created.
skills/pg-sql-generation/references/statements/tcl/transaction/start_transaction.md	tcl	transaction	start_transaction	already_covered	remaining-review	MySQL START TRANSACTION reference already exists.
skills/pg-sql-generation/references/statements/utility/anonymous_code/do.md	utility	anonymous_code	do	drop_pg_only	remaining-review	PostgreSQL DO anonymous code blocks do not map to MySQL DO expression statements.
skills/pg-sql-generation/references/statements/utility/checkpoint/checkpoint.md	utility	checkpoint	checkpoint	drop_pg_only	remaining-review	MySQL 8.0.22 has no CHECKPOINT SQL statement; FLUSH is adjacent but not equivalent.
skills/pg-sql-generation/references/statements/utility/library/load.md	utility	library	load	rename_or_merge	remaining-review	PostgreSQL LOAD maps only by intent to plugin/component and loadable-function administration; PG LOAD syntax is not retained.
skills/pg-sql-generation/references/statements/utility/lock/lock.md	utility	lock	lock	reference_created	remaining-review	MySQL lock coverage split into LOCK TABLES, UNLOCK TABLES, LOCK INSTANCE FOR BACKUP, and UNLOCK INSTANCE.
skills/pg-sql-generation/references/statements/utility/maintenance/vacuum.md	utility	maintenance	vacuum	rename_or_merge	remaining-review	PostgreSQL VACUUM intent maps to MySQL OPTIMIZE TABLE and ANALYZE TABLE, not a VACUUM statement.
mysql_missing	tcl	lock	lock_tables	reference_created	remaining-review	MySQL LOCK TABLES reference created from official lock syntax.
mysql_missing	tcl	lock	unlock_tables	reference_created	remaining-review	MySQL UNLOCK TABLES reference created from official lock syntax.
mysql_missing	tcl	lock	lock_instance	reference_created	remaining-review	MySQL LOCK INSTANCE FOR BACKUP reference created with isolated execution mode.
mysql_missing	tcl	lock	unlock_instance	reference_created	remaining-review	MySQL UNLOCK INSTANCE reference created with isolated execution mode.
mysql_missing	admin	loadable_function	create_function_loadable	reference_created	remaining-review	MySQL loadable CREATE FUNCTION reference created separately from stored functions.
mysql_missing	admin	loadable_function	drop_function_loadable	reference_created	remaining-review	MySQL loadable DROP FUNCTION reference created separately from stored functions.
